Extraction_ID,FWD_barcode,REV_barcode,nucleic_acid,amplification,DO_ID,extraction_date,batch_letter,notes_extraction,DNA_ng_per_uL,twenty_uL_DNA_dilution_2_ng_per_uL,DNA_PCR_water,RNA_ng_per_uL,twenty_uL_RNA_dilution_2_ng_per_uL,RNA_PCR_water,cDNA_conc_ng_per_uL,uL_cDNA_input,cDNA_final_input_ng_per_uL
D33-D,PCR_F_bc006,PCR_R_bc005,DNA,PCR_16S,DO_T05_0-7.5,8/22/23,B,NA,35,1.142857143,150uL,NA,NA,NA,NA,NA,NA
D34-D,PCR_F_bc007,PCR_R_bc005,DNA,PCR_16S,DO_T07_15-22.5,8/22/23,C,NA,18.9,2.116402116,NA,NA,NA,NA,NA,NA,NA
D35-D,PCR_F_bc008,PCR_R_bc005,DNA,PCR_16S,DO_T07_0-7.5,8/30/23,A,NA,31.13,1.284934147,100uL,NA,NA,NA,NA,NA,NA
D36-D,PCR_F_bc009,PCR_R_bc005,DNA,PCR_16S,DO_T02_22.5-30,8/30/23,D,NA,41.429,0.965507253,300uL,NA,NA,NA,NA,NA,NA
D37-D,PCR_F_bc010,PCR_R_bc005,DNA,PCR_16S,DO_T03_37.5-45,8/30/23,B,NA,44.4,0.900900901,NA,NA,NA,NA,NA,NA,NA
D38-D,PCR_F_bc011,PCR_R_bc005,DNA,PCR_16S,DO_T02_0-7.5,9/8/23,D,NA,36,1.111111111,100uL,NA,NA,NA,NA,NA,NA
D39-D,PCR_F_bc012,PCR_R_bc005,DNA,PCR_16S,DO_T04_7.5-15,9/12/23,C,NA,45.33,0.882417825,250uL,NA,NA,NA,NA,NA,NA
D40-D,PCR_F_bc013,PCR_R_bc005,DNA,PCR_16S,DO_T06_22.5-30,9/12/23,D,NA,48.4,0.826446281,NA,NA,NA,NA,NA,NA,NA
D41-D,PCR_F_bc014,PCR_R_bc005,DNA,PCR_16S,DO_T02_30-37.5,9/12/23,A,NA,8.14,4.914004914,NA,NA,NA,NA,NA,NA,NA
D42-D,PCR_F_bc015,PCR_R_bc005,DNA,PCR_16S,DO_T06_0-7.5,9/19/2023,A,NA,36.95,1.082543978,150uL,NA,NA,NA,NA,NA,NA
D43-D,PCR_F_bc016,PCR_R_bc005,DNA,PCR_16S,DO_T03_22.5-30,9/19/2023,C,NA,37.333,1.071438138,250uL,NA,NA,NA,NA,NA,NA
D44-D,PCR_F_bc017,PCR_R_bc005,DNA,PCR_16S,DO_T04_30-37.5,9/19/2023,D,"Don't Dilute, just use. DNA last of batcj",6.24,6.41025641,NA,NA,NA,NA,NA,NA,NA
D45-D,PCR_F_bc018,PCR_R_bc005,DNA,PCR_16S,DO_T05_7.5-15,9/25/2023,A,DNA,11.24,3.558718861,NA,NA,NA,NA,NA,NA,NA
D46-D,PCR_F_bc019,PCR_R_bc005,DNA,PCR_16S,DO_T04_22.5-30,9/25/2023,B,NA,35,1.142857143,100uL,NA,NA,NA,NA,NA,NA
D47-D,PCR_F_bc020,PCR_R_bc005,DNA,PCR_16S,DO_T06_30-37.5,9/25/2023,C,NA,32.4,1.234567901,100uL,NA,NA,NA,NA,NA,NA
D48-D,PCR_F_bc021,PCR_R_bc005,DNA,PCR_16S,DO_T07_7.5-15,9/27/2023,A,NA,33.333,1.200012,250uL,NA,NA,NA,NA,NA,NA
D49-D,PCR_F_bc022,PCR_R_bc005,DNA,PCR_16S,DO_T03_15-22.5,9/27/2023,D,NA,38.5,1.038961039,350uL,NA,NA,NA,NA,NA,NA
D50-D,PCR_F_bc001,PCR_R_bc006,DNA,PCR_16S,DO_T06_15-22.5,9/27/2023,C,NA,41.3,0.968523002,50uL,NA,NA,NA,NA,NA,NA
D51-D,PCR_F_bc002,PCR_R_bc006,DNA,PCR_16S,DO_T02_7.5-15,9/29/2023,B,NA,39,1.025641026,50uL,NA,NA,NA,NA,NA,NA
D52-D,PCR_F_bc003,PCR_R_bc006,DNA,PCR_16S,DO_T03_7.5-15,9/29/2023,C,NA,42,0.952380952,250uL,NA,NA,NA,NA,NA,NA
D53-D,PCR_F_bc004,PCR_R_bc006,DNA,PCR_16S,DO_T05_15-22.5,9/29/2023,A,NA,45.6,0.877192982,NA,NA,NA,NA,NA,NA,NA
D54-D,PCR_F_bc005,PCR_R_bc006,DNA,PCR_16S,DO_T03_0-7.5,10/24/23,A,NA,41,0.975609756,250uL,NA,NA,NA,NA,NA,NA
D55-D,PCR_F_bc006,PCR_R_bc006,DNA,PCR_16S,DO_T04_15-22.5,10/24/23,C,NA,35.8667,1.115240599,100uL,NA,NA,NA,NA,NA,NA
D56-D,PCR_F_bc007,PCR_R_bc006,DNA,PCR_16S,DO_T03_30-37.5,10/24/23,D,NA,43.8,0.913242009,50uL,NA,NA,NA,NA,NA,NA
D57-D,PCR_F_bc008,PCR_R_bc006,DNA,PCR_16S,DO_T04_0-7.5,10/25/23,A,NA,36.4,1.098901099,NA,NA,NA,NA,NA,NA,NA
D58-D,PCR_F_bc009,PCR_R_bc006,DNA,PCR_16S,DO_T05_22.5-30,10/25/23,C,NA,34.4,1.162790698,150uL,NA,NA,NA,NA,NA,NA
D59-D,PCR_F_bc010,PCR_R_bc006,DNA,PCR_16S,DO_T05_30-37.5,10/25/23,D,NA,30.7,1.302931596,50uL,NA,NA,NA,NA,NA,NA
D60-D,PCR_F_bc011,PCR_R_bc006,DNA,PCR_16S,DO_T06_7.5-15,10/31/23,B,NA,38.2,1.047120419,50uL,NA,NA,NA,NA,NA,NA
D61-D,PCR_F_bc012,PCR_R_bc006,DNA,PCR_16S,DO_T02_15-22.5,10/31/23,A,NA,34,1.176470588,250uL,NA,NA,NA,NA,NA,NA
D62-D,PCR_F_bc013,PCR_R_bc006,DNA,PCR_16S,DO_T06_37.5-45,10/31/23,D,NA,31.8,1.257861635,NA,NA,NA,NA,NA,NA,NA
D63-D,PCR_F_bc014,PCR_R_bc006,DNA,PCR_16S,DO_NA_NA,9/29/23,D,NA,NA,NA,NA,NA,NA,NA,NA,NA,NA
MMC,PCR_F_bc015,PCR_R_bc006,DNA,PCR_16S,NA,NA,NA,NA,NA,NA,NA,NA,NA,NA,NA,NA,NA
Negative,PCR_F_bc016,PCR_R_bc006,DNA,PCR_16S,NA,NA,NA,NA,NA,NA,NA,NA,NA,NA,NA,NA,NA
D33-D,PCR_F_bc009,PCR_R_bc002,DNA,PCR_ITS,DO_T05_0-7.5,8/22/23,B,NA,35,1.142857143,150uL,NA,NA,NA,NA,NA,NA
D34-D,PCR_F_bc010,PCR_R_bc002,DNA,PCR_ITS,DO_T07_15-22.5,8/22/23,C,NA,18.9,2.116402116,NA,NA,NA,NA,NA,NA,NA
D35-D,PCR_F_bc011,PCR_R_bc002,DNA,PCR_ITS,DO_T07_0-7.5,8/30/23,A,NA,31.13,1.284934147,100uL,NA,NA,NA,NA,NA,NA
D36-D,PCR_F_bc012,PCR_R_bc002,DNA,PCR_ITS,DO_T02_22.5-30,8/30/23,D,NA,41.429,0.965507253,300uL,NA,NA,NA,NA,NA,NA
D37-D,PCR_F_bc013,PCR_R_bc002,DNA,PCR_ITS,DO_T03_37.5-45,8/30/23,B,NA,44.4,0.900900901,NA,NA,NA,NA,NA,NA,NA
D38-D,PCR_F_bc014,PCR_R_bc002,DNA,PCR_ITS,DO_T02_0-7.5,9/8/23,D,NA,36,1.111111111,100uL,NA,NA,NA,NA,NA,NA
D39-D,PCR_F_bc015,PCR_R_bc002,DNA,PCR_ITS,DO_T04_7.5-15,9/12/23,C,NA,45.33,0.882417825,250uL,NA,NA,NA,NA,NA,NA
D40-D,PCR_F_bc016,PCR_R_bc002,DNA,PCR_ITS,DO_T06_22.5-30,9/12/23,D,NA,48.4,0.826446281,NA,NA,NA,NA,NA,NA,NA
D41-D,PCR_F_bc017,PCR_R_bc002,DNA,PCR_ITS,DO_T02_30-37.5,9/12/23,A,NA,8.14,4.914004914,NA,NA,NA,NA,NA,NA,NA
D42-D,PCR_F_bc018,PCR_R_bc002,DNA,PCR_ITS,DO_T06_0-7.5,9/19/2023,A,NA,36.95,1.082543978,150uL,NA,NA,NA,NA,NA,NA
D43-D,PCR_F_bc019,PCR_R_bc002,DNA,PCR_ITS,DO_T03_22.5-30,9/19/2023,C,NA,37.333,1.071438138,250uL,NA,NA,NA,NA,NA,NA
D44-D,PCR_F_bc020,PCR_R_bc002,DNA,PCR_ITS,DO_T04_30-37.5,9/19/2023,D,"Don't Dilute, just use. DNA last of batcj",6.24,6.41025641,NA,NA,NA,NA,NA,NA,NA
D45-D,PCR_F_bc021,PCR_R_bc002,DNA,PCR_ITS,DO_T05_7.5-15,9/25/2023,A,DNA,11.24,3.558718861,NA,NA,NA,NA,NA,NA,NA
D46-D,PCR_F_bc022,PCR_R_bc002,DNA,PCR_ITS,DO_T04_22.5-30,9/25/2023,B,NA,35,1.142857143,100uL,NA,NA,NA,NA,NA,NA
D47-D,PCR_F_bc001,PCR_R_bc003,DNA,PCR_ITS,DO_T06_30-37.5,9/25/2023,C,NA,32.4,1.234567901,100uL,NA,NA,NA,NA,NA,NA
D48-D,PCR_F_bc002,PCR_R_bc003,DNA,PCR_ITS,DO_T07_7.5-15,9/27/2023,A,NA,33.333,1.200012,250uL,NA,NA,NA,NA,NA,NA
D49-D,PCR_F_bc003,PCR_R_bc003,DNA,PCR_ITS,DO_T03_15-22.5,9/27/2023,D,NA,38.5,1.038961039,350uL,NA,NA,NA,NA,NA,NA
D50-D,PCR_F_bc004,PCR_R_bc003,DNA,PCR_ITS,DO_T06_15-22.5,9/27/2023,C,NA,41.3,0.968523002,50uL,NA,NA,NA,NA,NA,NA
D51-D,PCR_F_bc005,PCR_R_bc003,DNA,PCR_ITS,DO_T02_7.5-15,9/29/2023,B,NA,39,1.025641026,50uL,NA,NA,NA,NA,NA,NA
D52-D,PCR_F_bc006,PCR_R_bc003,DNA,PCR_ITS,DO_T03_7.5-15,9/29/2023,C,NA,42,0.952380952,250uL,NA,NA,NA,NA,NA,NA
D53-D,PCR_F_bc007,PCR_R_bc003,DNA,PCR_ITS,DO_T05_15-22.5,9/29/2023,A,NA,45.6,0.877192982,NA,NA,NA,NA,NA,NA,NA
D54-D,PCR_F_bc008,PCR_R_bc003,DNA,PCR_ITS,DO_T03_0-7.5,10/24/23,A,NA,41,0.975609756,250uL,NA,NA,NA,NA,NA,NA
D55-D,PCR_F_bc009,PCR_R_bc003,DNA,PCR_ITS,DO_T04_15-22.5,10/24/23,C,NA,35.8667,1.115240599,100uL,NA,NA,NA,NA,NA,NA
D56-D,PCR_F_bc010,PCR_R_bc003,DNA,PCR_ITS,DO_T03_30-37.5,10/24/23,D,NA,43.8,0.913242009,50uL,NA,NA,NA,NA,NA,NA
D57-D,PCR_F_bc011,PCR_R_bc003,DNA,PCR_ITS,DO_T04_0-7.5,10/25/23,A,NA,36.4,1.098901099,NA,NA,NA,NA,NA,NA,NA
D58-D,PCR_F_bc012,PCR_R_bc003,DNA,PCR_ITS,DO_T05_22.5-30,10/25/23,C,NA,34.4,1.162790698,150uL,NA,NA,NA,NA,NA,NA
D59-D,PCR_F_bc013,PCR_R_bc003,DNA,PCR_ITS,DO_T05_30-37.5,10/25/23,D,NA,30.7,1.302931596,50uL,NA,NA,NA,NA,NA,NA
D60-D,PCR_F_bc014,PCR_R_bc003,DNA,PCR_ITS,DO_T06_7.5-15,10/31/23,B,NA,38.2,1.047120419,50uL,NA,NA,NA,NA,NA,NA
D61-D,PCR_F_bc015,PCR_R_bc003,DNA,PCR_ITS,DO_T02_15-22.5,10/31/23,A,NA,34,1.176470588,250uL,NA,NA,NA,NA,NA,NA
D62-D,PCR_F_bc016,PCR_R_bc003,DNA,PCR_ITS,DO_T06_37.5-45,10/31/23,D,NA,31.8,1.257861635,NA,NA,NA,NA,NA,NA,NA
D63-D,PCR_F_bc017,PCR_R_bc003,DNA,PCR_ITS,DO_NA_NA,9/29/23,D,NA,NA,NA,NA,NA,NA,NA,NA,NA,NA
MMC,PCR_F_bc018,PCR_R_bc003,DNA,PCR_ITS,NA,NA,NA,NA,NA,NA,NA,NA,NA,NA,NA,NA,NA
Negative,PCR_F_bc019,PCR_R_bc003,DNA,PCR_ITS,NA,NA,NA,NA,NA,NA,NA,NA,NA,NA,NA,NA,NA
D01-R,PCR_F_bc020,PCR_R_bc003,RNA,PCR_16S,DO_T05_0-7.5,8/22/23,B,NA,NA,NA,NA,34.6,1.156069364,50uL,3.7,1,3.7
D02-R,PCR_F_bc021,PCR_R_bc003,RNA,PCR_16S,DO_T07_15-22.5,8/22/23,C,NA,NA,NA,NA,9.12,4.385964912,NA,0.494,3,1.482
D03-R,PCR_F_bc022,PCR_R_bc003,RNA,PCR_16S,DO_T07_0-7.5,8/30/23,A,NA,NA,NA,NA,32.7,1.22324159,50uL,2.2,1,2.2
D04-R,PCR_F_bc001,PCR_R_bc004,RNA,PCR_16S,DO_T02_22.5-30,8/30/23,D,NA,NA,NA,NA,26.3,1.520912548,50uL,2.12,1,2.12
D05-R,PCR_F_bc002,PCR_R_bc004,RNA,PCR_16S,DO_T03_37.5-45,8/30/23,B,NA,NA,NA,NA,2.32,17.24137931,NA,1.668,1,1.668
D06-R,PCR_F_bc003,PCR_R_bc004,RNA,PCR_16S,DO_T02_0-7.5,9/8/23,D,NA,NA,NA,NA,38,1.052631579,100uL,1.672,1,1.672
D07-R,PCR_F_bc004,PCR_R_bc004,RNA,PCR_16S,DO_T04_7.5-15,9/12/23,C,NA,NA,NA,NA,38.55,1.037613489,25uL,1.512,1,1.512
D08-R,PCR_F_bc005,PCR_R_bc004,RNA,PCR_16S,DO_T06_22.5-30,9/12/23,D,NA,NA,NA,NA,5.78,6.920415225,NA,0.296,5,1.48
D09-R,PCR_F_bc006,PCR_R_bc004,RNA,PCR_16S,DO_T02_30-37.5,9/12/23,A,NA,NA,NA,NA,15.2,2.631578947,NA,1.034,1,1.034
D10-R,PCR_F_bc007,PCR_R_bc004,RNA,PCR_16S,DO_T06_0-7.5,9/19/2023,A,NA,NA,NA,NA,32.2666,1.239671983,50uL,2.24,1,2.24
D11-R,PCR_F_bc008,PCR_R_bc004,RNA,PCR_16S,DO_T03_22.5-30,9/19/2023,C,NA,NA,NA,NA,28.2,1.418439716,NA,0.966,1,0.966
D31-R,PCR_F_bc009,PCR_R_bc004,RNA,PCR_16S,DO_T04_30-37.5,9/19/2023,D,"Don't Dilute, just use. DNA last of batcj",NA,NA,NA,0.608,65.78947368,NA,0.162,7,1.134
D12-R,PCR_F_bc010,PCR_R_bc004,RNA,PCR_16S,DO_T05_7.5-15,9/25/2023,A,DNA,NA,NA,NA,4.2,9.523809524,NA,0.146,7,1.022
D13-R,PCR_F_bc011,PCR_R_bc004,RNA,PCR_16S,DO_T04_22.5-30,9/25/2023,B,NA,NA,NA,NA,11.8,3.389830508,NA,0.77,2,1.54
D14-R,PCR_F_bc012,PCR_R_bc004,RNA,PCR_16S,DO_T06_30-37.5,9/25/2023,C,NA,NA,NA,NA,13.8,2.898550725,NA,0.6,3,1.8
D15-R,PCR_F_bc013,PCR_R_bc004,RNA,PCR_16S,DO_T07_7.5-15,9/27/2023,A,NA,NA,NA,NA,37.05,1.079622132,25uL,0.586,3,1.758
D16-R,PCR_F_bc014,PCR_R_bc004,RNA,PCR_16S,DO_T03_15-22.5,9/27/2023,D,NA,NA,NA,NA,34.5,1.15942029,50uL,0.594,3,1.782
D17-R,PCR_F_bc015,PCR_R_bc004,RNA,PCR_16S,DO_T06_15-22.5,9/27/2023,C,NA,NA,NA,NA,35.8,1.117318436,NA,0.518,3,1.554
D18-R,PCR_F_bc016,PCR_R_bc004,RNA,PCR_16S,DO_T02_7.5-15,9/29/2023,B,NA,NA,NA,NA,36.3,1.101928375,25uL,0.396,3,1.188
D19-R,PCR_F_bc017,PCR_R_bc004,RNA,PCR_16S,DO_T03_7.5-15,9/29/2023,C,NA,NA,NA,NA,28.1,1.423487544,50uL,0.726,2,1.452
D20-R,PCR_F_bc018,PCR_R_bc004,RNA,PCR_16S,DO_T05_15-22.5,9/29/2023,A,NA,NA,NA,NA,7.58,5.277044855,NA,0.27,5,1.35
D21-R,PCR_F_bc019,PCR_R_bc004,RNA,PCR_16S,DO_T03_0-7.5,10/24/23,A,NA,NA,NA,NA,40.8,0.980392157,100uL,0.79,2,1.58
D22-R,PCR_F_bc020,PCR_R_bc004,RNA,PCR_16S,DO_T04_15-22.5,10/24/23,C,NA,NA,NA,NA,25.2,1.587301587,NA,0.356,3,1.068
D23-R,PCR_F_bc021,PCR_R_bc004,RNA,PCR_16S,DO_T03_30-37.5,10/24/23,D,NA,NA,NA,NA,4.72,8.474576271,NA,0.0876,7,0.6132
D24-R,PCR_F_bc022,PCR_R_bc004,RNA,PCR_16S,DO_T04_0-7.5,10/25/23,A,NA,NA,NA,NA,26.2,1.526717557,NA,0.43,3,1.29
D25-R,PCR_F_bc001,PCR_R_bc005,RNA,PCR_16S,DO_T05_22.5-30,10/25/23,C,NA,NA,NA,NA,19.1,2.094240838,NA,0.368,3,1.104
D26-R,PCR_F_bc002,PCR_R_bc005,RNA,PCR_16S,DO_T06_7.5-15,10/31/23,B,NA,NA,NA,NA,23.4,1.709401709,NA,1.1,1,1.1
D27-R,PCR_F_bc003,PCR_R_bc005,RNA,PCR_16S,DO_T02_15-22.5,10/31/23,A,NA,NA,NA,NA,36.2,1.104972376,NA,0.608,3,1.824
D28-R,PCR_F_bc004,PCR_R_bc005,RNA,PCR_16S,DO_T02_37.5-45,10/31/23,C,"RNA good/not DNA , DNA Mixed with another sample",NA,NA,NA,10.6,3.773584906,NA,0.36,3,1.08
D30-R,PCR_F_bc005,PCR_R_bc005,RNA,PCR_16S,DO_NA_NA,9/29/23,D,NA,NA,NA,NA,NA,NA,NA,0,1,0
D01-R,PCR_F_bc001,PCR_R_bc001,RNA,PCR_ITS,DO_T05_0-7.5,8/22/23,B,NA,NA,NA,NA,34.6,1.156069364,50uL,3.7,1,3.7
D02-R,PCR_F_bc002,PCR_R_bc001,RNA,PCR_ITS,DO_T07_15-22.5,8/22/23,C,NA,NA,NA,NA,9.12,4.385964912,NA,0.494,3,1.482
D03-R,PCR_F_bc003,PCR_R_bc001,RNA,PCR_ITS,DO_T07_0-7.5,8/30/23,A,NA,NA,NA,NA,32.7,1.22324159,50uL,2.2,1,2.2
D04-R,PCR_F_bc004,PCR_R_bc001,RNA,PCR_ITS,DO_T02_22.5-30,8/30/23,D,NA,NA,NA,NA,26.3,1.520912548,50uL,2.12,1,2.12
D05-R,PCR_F_bc005,PCR_R_bc001,RNA,PCR_ITS,DO_T03_37.5-45,8/30/23,B,NA,NA,NA,NA,2.32,17.24137931,NA,1.668,1,1.668
D06-R,PCR_F_bc006,PCR_R_bc001,RNA,PCR_ITS,DO_T02_0-7.5,9/8/23,D,NA,NA,NA,NA,38,1.052631579,100uL,1.672,1,1.672
D07-R,PCR_F_bc007,PCR_R_bc001,RNA,PCR_ITS,DO_T04_7.5-15,9/12/23,C,NA,NA,NA,NA,38.55,1.037613489,25uL,1.512,1,1.512
D08-R,PCR_F_bc008,PCR_R_bc001,RNA,PCR_ITS,DO_T06_22.5-30,9/12/23,D,NA,NA,NA,NA,5.78,6.920415225,NA,0.296,5,1.48
D09-R,PCR_F_bc009,PCR_R_bc001,RNA,PCR_ITS,DO_T02_30-37.5,9/12/23,A,NA,NA,NA,NA,15.2,2.631578947,NA,1.034,1,1.034
D10-R,PCR_F_bc010,PCR_R_bc001,RNA,PCR_ITS,DO_T06_0-7.5,9/19/2023,A,NA,NA,NA,NA,32.2666,1.239671983,50uL,2.24,1,2.24
D11-R,PCR_F_bc011,PCR_R_bc001,RNA,PCR_ITS,DO_T03_22.5-30,9/19/2023,C,NA,NA,NA,NA,28.2,1.418439716,NA,0.966,1,0.966
D31-R,PCR_F_bc012,PCR_R_bc001,RNA,PCR_ITS,DO_T04_30-37.5,9/19/2023,D,"Don't Dilute, just use. DNA last of batcj",NA,NA,NA,0.608,65.78947368,NA,0.162,7,1.134
D12-R,PCR_F_bc013,PCR_R_bc001,RNA,PCR_ITS,DO_T05_7.5-15,9/25/2023,A,DNA,NA,NA,NA,4.2,9.523809524,NA,0.146,7,1.022
D13-R,PCR_F_bc014,PCR_R_bc001,RNA,PCR_ITS,DO_T04_22.5-30,9/25/2023,B,NA,NA,NA,NA,11.8,3.389830508,NA,0.77,2,1.54
D14-R,PCR_F_bc015,PCR_R_bc001,RNA,PCR_ITS,DO_T06_30-37.5,9/25/2023,C,NA,NA,NA,NA,13.8,2.898550725,NA,0.6,3,1.8
D15-R,PCR_F_bc016,PCR_R_bc001,RNA,PCR_ITS,DO_T07_7.5-15,9/27/2023,A,NA,NA,NA,NA,37.05,1.079622132,25uL,0.586,3,1.758
D16-R,PCR_F_bc017,PCR_R_bc001,RNA,PCR_ITS,DO_T03_15-22.5,9/27/2023,D,NA,NA,NA,NA,34.5,1.15942029,50uL,0.594,3,1.782
D17-R,PCR_F_bc018,PCR_R_bc001,RNA,PCR_ITS,DO_T06_15-22.5,9/27/2023,C,NA,NA,NA,NA,35.8,1.117318436,NA,0.518,3,1.554
D18-R,PCR_F_bc019,PCR_R_bc001,RNA,PCR_ITS,DO_T02_7.5-15,9/29/2023,B,NA,NA,NA,NA,36.3,1.101928375,25uL,0.396,3,1.188
D19-R,PCR_F_bc020,PCR_R_bc001,RNA,PCR_ITS,DO_T03_7.5-15,9/29/2023,C,NA,NA,NA,NA,28.1,1.423487544,50uL,0.726,2,1.452
D20-R,PCR_F_bc021,PCR_R_bc001,RNA,PCR_ITS,DO_T05_15-22.5,9/29/2023,A,NA,NA,NA,NA,7.58,5.277044855,NA,0.27,5,1.35
D21-R,PCR_F_bc022,PCR_R_bc001,RNA,PCR_ITS,DO_T03_0-7.5,10/24/23,A,NA,NA,NA,NA,40.8,0.980392157,100uL,0.79,2,1.58
D22-R,PCR_F_bc001,PCR_R_bc002,RNA,PCR_ITS,DO_T04_15-22.5,10/24/23,C,NA,NA,NA,NA,25.2,1.587301587,NA,0.356,3,1.068
D23-R,PCR_F_bc002,PCR_R_bc002,RNA,PCR_ITS,DO_T03_30-37.5,10/24/23,D,NA,NA,NA,NA,4.72,8.474576271,NA,0.0876,7,0.6132
D24-R,PCR_F_bc003,PCR_R_bc002,RNA,PCR_ITS,DO_T04_0-7.5,10/25/23,A,NA,NA,NA,NA,26.2,1.526717557,NA,0.43,3,1.29
D25-R,PCR_F_bc004,PCR_R_bc002,RNA,PCR_ITS,DO_T05_22.5-30,10/25/23,C,NA,NA,NA,NA,19.1,2.094240838,NA,0.368,3,1.104
D26-R,PCR_F_bc005,PCR_R_bc002,RNA,PCR_ITS,DO_T06_7.5-15,10/31/23,B,NA,NA,NA,NA,23.4,1.709401709,NA,1.1,1,1.1
D27-R,PCR_F_bc006,PCR_R_bc002,RNA,PCR_ITS,DO_T02_15-22.5,10/31/23,A,NA,NA,NA,NA,36.2,1.104972376,NA,0.608,3,1.824
D28-R,PCR_F_bc007,PCR_R_bc002,RNA,PCR_ITS,DO_T02_37.5-45,10/31/23,C,"RNA good/not DNA , DNA Mixed with another sample",NA,NA,NA,10.6,3.773584906,NA,0.36,3,1.08
D30-R,PCR_F_bc008,PCR_R_bc002,RNA,PCR_ITS,DO_NA_NA,9/29/23,D,NA,NA,NA,NA,NA,NA,NA,0,1,0
