"","tid","Genus"
"g__Coprinellus","ft_1","g__Coprinellus"
"g__Saccharomyces","ft_2","g__Saccharomyces"
"g__Penicillium","ft_3","g__Penicillium"
"g__Tuber","ft_4","g__Tuber"
"g__Clavulina","ft_5","g__Clavulina"
"Unclass_o__Agaricales","ft_6","Unclass_o__Agaricales"
"g__Cortinarius","ft_7","g__Cortinarius"
"g__Penicillago","ft_8","g__Penicillago"
"g__Pulvinula","ft_9","g__Pulvinula"
"g__Paragalactinia","ft_10","g__Paragalactinia"
"g__Cenococcum","ft_11","g__Cenococcum"
"g__Lactarius","ft_12","g__Lactarius"
"Unclass_o__Pleosporales","ft_13","Unclass_o__Pleosporales"
"Unclass_f__Chaetomiaceae","ft_14","Unclass_f__Chaetomiaceae"
"g__Astraeus","ft_15","g__Astraeus"
"g__Tomentella","ft_16","g__Tomentella"
"g__Inosperma","ft_17","g__Inosperma"
"g__Lobulomycetales_gen_Incertae_sedis","ft_18","g__Lobulomycetales_gen_Incertae_sedis"
"g__Pezizaceae_gen_Incertae_sedis","ft_19","g__Pezizaceae_gen_Incertae_sedis"
"g__Solicoccozyma","ft_20","g__Solicoccozyma"
"g__Thelephora","ft_21","g__Thelephora"
"g__Inocybe","ft_22","g__Inocybe"
"g__Diaporthe","ft_23","g__Diaporthe"
"g__Ijuhya","ft_24","g__Ijuhya"
"g__Russula","ft_25","g__Russula"
"g__Genea","ft_26","g__Genea"
"g__Pyronema","ft_27","g__Pyronema"
"g__Leucoagaricus","ft_28","g__Leucoagaricus"
"g__Pulvinulaceae_gen_Incertae_sedis","ft_29","g__Pulvinulaceae_gen_Incertae_sedis"
"g__Cladorrhinum","ft_30","g__Cladorrhinum"
"g__Annulatascaceae_gen_Incertae_sedis","ft_31","g__Annulatascaceae_gen_Incertae_sedis"
"g__Cazia","ft_32","g__Cazia"
"g__Trichothecium","ft_33","g__Trichothecium"
"g__Venturiales_gen_Incertae_sedis","ft_34","g__Venturiales_gen_Incertae_sedis"
"g__Hydnobolites","ft_35","g__Hydnobolites"
"g__Funneliformis","ft_36","g__Funneliformis"
"g__Naganishia","ft_37","g__Naganishia"
"g__Fusarium","ft_38","g__Fusarium"
"g__Didymellaceae_gen_Incertae_sedis","ft_39","g__Didymellaceae_gen_Incertae_sedis"
"g__Scleroderma","ft_40","g__Scleroderma"
"g__Ascobolus","ft_41","g__Ascobolus"
"g__Dothiora","ft_42","g__Dothiora"
"Unclass_c__Eurotiomycetes","ft_43","Unclass_c__Eurotiomycetes"
"g__Podila","ft_44","g__Podila"
"g__Pseudoechria","ft_45","g__Pseudoechria"
"g__Thelonectria","ft_46","g__Thelonectria"
"g__Helvella","ft_47","g__Helvella"
"g__Paraphoma","ft_48","g__Paraphoma"
"g__Cladosporium","ft_49","g__Cladosporium"
"g__Alternaria","ft_50","g__Alternaria"
"Unclass_f__Russulaceae","ft_51","Unclass_f__Russulaceae"
"g__Antarctomyces","ft_52","g__Antarctomyces"
"Unclass_f__Mortierellaceae","ft_53","Unclass_f__Mortierellaceae"
"g__Phialemonium","ft_54","g__Phialemonium"
"g__Hydnoplicata","ft_55","g__Hydnoplicata"
"g__Pseudopithomyces","ft_56","g__Pseudopithomyces"
"g__Mortierella","ft_57","g__Mortierella"
"g__Humicola","ft_58","g__Humicola"
"g__Chaetothyriales_gen_Incertae_sedis","ft_59","g__Chaetothyriales_gen_Incertae_sedis"
"g__Atrocalyx","ft_60","g__Atrocalyx"
"g__Beauveria","ft_61","g__Beauveria"
"g__Myxomphalia","ft_62","g__Myxomphalia"
"g__Elaphomyces","ft_63","g__Elaphomyces"
"g__Pteridiospora","ft_64","g__Pteridiospora"
"g__Coprinus","ft_65","g__Coprinus"
"g__Jugulospora","ft_66","g__Jugulospora"
"g__Mortierellales_gen_Incertae_sedis","ft_67","g__Mortierellales_gen_Incertae_sedis"
"g__Cryptococcus","ft_68","g__Cryptococcus"
"g__Oidiodendron","ft_69","g__Oidiodendron"
"g__Glomus","ft_70","g__Glomus"
"Unclass_o__Onygenales","ft_71","Unclass_o__Onygenales"
"g__Arachnomyces","ft_72","g__Arachnomyces"
"g__Onygenales_gen_Incertae_sedis","ft_73","g__Onygenales_gen_Incertae_sedis"
"g__Membranomyces","ft_74","g__Membranomyces"
"g__Neoschizothecium","ft_75","g__Neoschizothecium"
"g__Niesslia","ft_76","g__Niesslia"
"g__Didymosphaeria","ft_77","g__Didymosphaeria"
"Unclass_o__Sordariales","ft_78","Unclass_o__Sordariales"
"g__Purpureocillium","ft_79","g__Purpureocillium"
"g__Synchytriaceae_gen_Incertae_sedis","ft_80","g__Synchytriaceae_gen_Incertae_sedis"
"g__Pyrenophora","ft_81","g__Pyrenophora"
"g__Cyphellophora","ft_82","g__Cyphellophora"
"g__Melaspileella","ft_83","g__Melaspileella"
"g__Otidea","ft_84","g__Otidea"
"Unclass_f__Orbiliaceae","ft_85","Unclass_f__Orbiliaceae"
"Unclass_f__Bionectriaceae","ft_86","Unclass_f__Bionectriaceae"
"g__Geoglossales_gen_Incertae_sedis","ft_87","g__Geoglossales_gen_Incertae_sedis"
"g__Neostagonospora","ft_88","g__Neostagonospora"
"g__Tremellodendropsidales_gen_Incertae_sedis","ft_89","g__Tremellodendropsidales_gen_Incertae_sedis"
"Unclass_p__Ascomycota","ft_90","Unclass_p__Ascomycota"
"g__Sclerococcum","ft_91","g__Sclerococcum"
"Unclass_f__Cordycipitaceae","ft_92","Unclass_f__Cordycipitaceae"
"g__Ilyonectria","ft_93","g__Ilyonectria"
"g__Basidiobolales_gen_Incertae_sedis","ft_94","g__Basidiobolales_gen_Incertae_sedis"
"Unclass_f__Aspergillaceae","ft_95","Unclass_f__Aspergillaceae"
"Unclass_k__Fungi","ft_96","Unclass_k__Fungi"
"g__Aureobasidium","ft_97","g__Aureobasidium"
"g__Hyaloscypha","ft_98","g__Hyaloscypha"
"g__Basidiomycota_gen_Incertae_sedis","ft_99","g__Basidiomycota_gen_Incertae_sedis"
"g__Rhodotorula","ft_100","g__Rhodotorula"
"g__Pseudoarthrographis","ft_101","g__Pseudoarthrographis"
"g__Trichocladium","ft_102","g__Trichocladium"
"g__Chaetosphaeronema","ft_103","g__Chaetosphaeronema"
"g__Monocillium","ft_104","g__Monocillium"
"g__Filobasidium","ft_105","g__Filobasidium"
"g__Ascochyta","ft_106","g__Ascochyta"
"g__Rhizoctonia","ft_107","g__Rhizoctonia"
"g__Umbelopsis","ft_108","g__Umbelopsis"
"Unclass_f__Didymellaceae","ft_109","Unclass_f__Didymellaceae"
"Unclass_f__Nectriaceae","ft_110","Unclass_f__Nectriaceae"
"g__Sordariomycetes_gen_Incertae_sedis","ft_111","g__Sordariomycetes_gen_Incertae_sedis"
"g__Venturia","ft_112","g__Venturia"
"Unclass_f__Tubeufiaceae","ft_113","Unclass_f__Tubeufiaceae"
"g__Teratosphaeria","ft_114","g__Teratosphaeria"
"g__Wojnowiciella","ft_115","g__Wojnowiciella"
"g__Spizellomycetaceae_gen_Incertae_sedis","ft_116","g__Spizellomycetaceae_gen_Incertae_sedis"
"g__Chytridiomycota_gen_Incertae_sedis","ft_117","g__Chytridiomycota_gen_Incertae_sedis"
"g__Mucor","ft_118","g__Mucor"
"g__Pseudogymnoascus","ft_119","g__Pseudogymnoascus"
"g__Spizellomyces","ft_120","g__Spizellomyces"
"g__Rhizopogon","ft_121","g__Rhizopogon"
"g__Tetracladium_f__Helotiaceae","ft_122","g__Tetracladium_f__Helotiaceae"
"g__Thelebolus","ft_123","g__Thelebolus"
"Unclass_f__Herpotrichiellaceae","ft_124","Unclass_f__Herpotrichiellaceae"
"g__Phaeosphaeriaceae_gen_Incertae_sedis","ft_125","g__Phaeosphaeriaceae_gen_Incertae_sedis"
"g__Periconia","ft_126","g__Periconia"
"g__Laburnicola","ft_127","g__Laburnicola"
"g__Fusariella","ft_128","g__Fusariella"
"g__Chaetomium","ft_129","g__Chaetomium"
"g__Tricellula","ft_130","g__Tricellula"
"g__Claroideoglomus","ft_131","g__Claroideoglomus"
"g__Tephrocybe","ft_132","g__Tephrocybe"
"g__Oliveonia","ft_133","g__Oliveonia"
"g__Acremonium","ft_134","g__Acremonium"
"Unclass_f__Thelephoraceae","ft_135","Unclass_f__Thelephoraceae"
"g__Phialocephala","ft_136","g__Phialocephala"
"g__Saitozyma","ft_137","g__Saitozyma"
"g__Dinemasporium","ft_138","g__Dinemasporium"
"g__Calloriaceae_gen_Incertae_sedis","ft_139","g__Calloriaceae_gen_Incertae_sedis"
"g__Pezicula","ft_140","g__Pezicula"
"g__Exophiala","ft_141","g__Exophiala"
"Unclass_o__Pezizales","ft_142","Unclass_o__Pezizales"
"Unclass_f__Pyronemataceae","ft_143","Unclass_f__Pyronemataceae"
"g__Kirschsteiniothelia","ft_144","g__Kirschsteiniothelia"
"g__Lasiosphaeris","ft_145","g__Lasiosphaeris"
"Unclass_o__Pyxidiophorales","ft_146","Unclass_o__Pyxidiophorales"
"g__Neosartorya","ft_147","g__Neosartorya"
"g__Coniochaeta","ft_148","g__Coniochaeta"
"g__Lichenoconium","ft_149","g__Lichenoconium"
"g__Phaeosphaeria","ft_150","g__Phaeosphaeria"
"g__Sporothrix","ft_151","g__Sporothrix"
"g__Hyalorbilia","ft_152","g__Hyalorbilia"
"g__Lachnum","ft_153","g__Lachnum"
"Unclass_c__Sordariomycetes","ft_154","Unclass_c__Sordariomycetes"
"g__Venturiaceae_gen_Incertae_sedis","ft_155","g__Venturiaceae_gen_Incertae_sedis"
"g__Pseudeurotium","ft_156","g__Pseudeurotium"
"g__Ceratobasidium","ft_157","g__Ceratobasidium"
"g__Sagenomella","ft_158","g__Sagenomella"
"g__Pholiotina","ft_159","g__Pholiotina"
"g__Plicariella","ft_160","g__Plicariella"
"Unclass_c__Dothideomycetes","ft_161","Unclass_c__Dothideomycetes"
"Unclass_o__Chaetothyriales","ft_162","Unclass_o__Chaetothyriales"
"g__Tricharina","ft_163","g__Tricharina"
"g__Schizothecium","ft_164","g__Schizothecium"
"g__Paracladophialophora","ft_165","g__Paracladophialophora"
"g__Epicoccum","ft_166","g__Epicoccum"
"Unclass_c__Agaricomycetes","ft_167","Unclass_c__Agaricomycetes"
"g__Lecanicillium","ft_168","g__Lecanicillium"
"g__Parasola","ft_169","g__Parasola"
"g__Orbiliales_gen_Incertae_sedis","ft_170","g__Orbiliales_gen_Incertae_sedis"
"g__Talaromyces","ft_171","g__Talaromyces"
"g__Hypocreales_gen_Incertae_sedis","ft_172","g__Hypocreales_gen_Incertae_sedis"
"g__Gamszarea","ft_173","g__Gamszarea"
"g__Pseudocosmospora","ft_174","g__Pseudocosmospora"
"g__Distoseptispora","ft_175","g__Distoseptispora"
"g__Gliomastix","ft_176","g__Gliomastix"
"g__Tyrannosorus","ft_177","g__Tyrannosorus"
"Unclass_f__Phaeosphaeriaceae","ft_178","Unclass_f__Phaeosphaeriaceae"
"g__Serendipita","ft_179","g__Serendipita"
"g__Xenasma","ft_180","g__Xenasma"
"Unclass_o__Hypocreales","ft_181","Unclass_o__Hypocreales"
"g__Iodophanus","ft_182","g__Iodophanus"
"g__Gloniaceae_gen_Incertae_sedis","ft_183","g__Gloniaceae_gen_Incertae_sedis"
"g__Glarea","ft_184","g__Glarea"
"g__Preussia","ft_185","g__Preussia"
"g__Metapochonia","ft_186","g__Metapochonia"
"g__Neocucurbitaria","ft_187","g__Neocucurbitaria"
"g__Hamigera","ft_188","g__Hamigera"
"g__Hebeloma","ft_189","g__Hebeloma"
"g__Entrophospora","ft_190","g__Entrophospora"
"g__Geastrales_gen_Incertae_sedis","ft_191","g__Geastrales_gen_Incertae_sedis"
"g__Pluteus","ft_192","g__Pluteus"
"g__Scytalidium","ft_193","g__Scytalidium"
"g__Didymella","ft_194","g__Didymella"
"g__Jeremyomyces","ft_195","g__Jeremyomyces"
"g__Glutinomyces","ft_196","g__Glutinomyces"
"g__Omphalotus","ft_197","g__Omphalotus"
"g__Geminibasidium","ft_198","g__Geminibasidium"
"g__Lyophyllum","ft_199","g__Lyophyllum"
"g__Cytospora","ft_200","g__Cytospora"
"Unclass_f__Sclerotiniaceae","ft_201","Unclass_f__Sclerotiniaceae"
"g__Crocicreas","ft_202","g__Crocicreas"
"Unclass_f__Paracladophialophoraceae","ft_203","Unclass_f__Paracladophialophoraceae"
"g__Arnium","ft_204","g__Arnium"
"g__Botryotinia","ft_205","g__Botryotinia"
"g__Capronia","ft_206","g__Capronia"
"g__Varicellaria","ft_207","g__Varicellaria"
"Unclass_p__Basidiomycota","ft_208","Unclass_p__Basidiomycota"
"g__Aspergillaceae_gen_Incertae_sedis","ft_209","g__Aspergillaceae_gen_Incertae_sedis"
"g__Neosetophoma","ft_210","g__Neosetophoma"
"g__Aspergillus","ft_211","g__Aspergillus"
"g__Fusicolla","ft_212","g__Fusicolla"
"g__Paracylindrocarpon","ft_213","g__Paracylindrocarpon"
"g__Powellomycetaceae_gen_Incertae_sedis","ft_214","g__Powellomycetaceae_gen_Incertae_sedis"
"g__Pectenia","ft_215","g__Pectenia"
"Unclass_f__Lasiosphaeriaceae","ft_216","Unclass_f__Lasiosphaeriaceae"
"g__Fungi_gen_Incertae_sedis","ft_217","g__Fungi_gen_Incertae_sedis"
"g__Arachniotus","ft_218","g__Arachniotus"
"g__Leptodontidium","ft_219","g__Leptodontidium"
"g__Chalara","ft_220","g__Chalara"
"g__Calyptella","ft_221","g__Calyptella"
"g__Spizellomycetales_gen_Incertae_sedis","ft_222","g__Spizellomycetales_gen_Incertae_sedis"
"g__Vishniacozyma","ft_223","g__Vishniacozyma"
"Unclass_c__Endogonomycetes","ft_224","Unclass_c__Endogonomycetes"
"g__Leohumicola","ft_225","g__Leohumicola"
"g__Monoblepharidales_gen_Incertae_sedis","ft_226","g__Monoblepharidales_gen_Incertae_sedis"
"g__Pyrenochaeta","ft_227","g__Pyrenochaeta"
"g__Tumularia","ft_228","g__Tumularia"
"g__Leucosporidium","ft_229","g__Leucosporidium"
"g__Myrmecridium","ft_230","g__Myrmecridium"
"g__Orbiliaceae_gen_Incertae_sedis","ft_231","g__Orbiliaceae_gen_Incertae_sedis"
"Unclass_f__Xylariaceae","ft_232","Unclass_f__Xylariaceae"
"g__Cephalotrichum","ft_233","g__Cephalotrichum"
"g__Linnemannia","ft_234","g__Linnemannia"
"Unclass_f__Pezizaceae","ft_235","Unclass_f__Pezizaceae"
"Unclass_f__Helvellaceae","ft_236","Unclass_f__Helvellaceae"
"g__Ramophialophora","ft_237","g__Ramophialophora"
"g__Sclerococcales_gen_Incertae_sedis","ft_238","g__Sclerococcales_gen_Incertae_sedis"
"g__Pleomassariaceae_gen_Incertae_sedis","ft_239","g__Pleomassariaceae_gen_Incertae_sedis"
"g__Waitea","ft_240","g__Waitea"
"g__Pseudorhypophila","ft_241","g__Pseudorhypophila"
"g__Gibellulopsis","ft_242","g__Gibellulopsis"
"g__Ascotricha","ft_243","g__Ascotricha"
"Unclass_f__Venturiaceae","ft_244","Unclass_f__Venturiaceae"
"g__Lunasporangiospora","ft_245","g__Lunasporangiospora"
"g__Pseudotomentella","ft_246","g__Pseudotomentella"
"g__Calyptrozyma","ft_247","g__Calyptrozyma"
"g__Diversisporaceae_gen_Incertae_sedis","ft_248","g__Diversisporaceae_gen_Incertae_sedis"
"Unclass_f__Ceratobasidiaceae","ft_249","Unclass_f__Ceratobasidiaceae"
"g__Halosphaeriaceae_gen_Incertae_sedis","ft_250","g__Halosphaeriaceae_gen_Incertae_sedis"
"g__Phaeosphaeriopsis","ft_251","g__Phaeosphaeriopsis"
"g__Rhagadostoma","ft_252","g__Rhagadostoma"
"g__Septoriella","ft_253","g__Septoriella"
"g__Clohesyomyces","ft_254","g__Clohesyomyces"
"g__Cryptodiscus","ft_255","g__Cryptodiscus"
"g__Ceratobasidiaceae_gen_Incertae_sedis","ft_256","g__Ceratobasidiaceae_gen_Incertae_sedis"
"g__Keithomyces","ft_257","g__Keithomyces"
"g__Microcera","ft_258","g__Microcera"
"g__Geopora","ft_259","g__Geopora"
"g__Podospora","ft_260","g__Podospora"
"g__Cirrenalia","ft_261","g__Cirrenalia"
"g__Polyphilus","ft_262","g__Polyphilus"
"Unclass_o__Boletales","ft_263","Unclass_o__Boletales"
"g__Phaeoacremonium","ft_264","g__Phaeoacremonium"
"Unclass_c__Lecanoromycetes","ft_265","Unclass_c__Lecanoromycetes"
"g__Cucurbitariaceae_gen_Incertae_sedis","ft_266","g__Cucurbitariaceae_gen_Incertae_sedis"
"g__Capnodiales_gen_Incertae_sedis","ft_267","g__Capnodiales_gen_Incertae_sedis"
"Unclass_o__Helotiales","ft_268","Unclass_o__Helotiales"
"g__Papiliotrema","ft_269","g__Papiliotrema"
"g__Coleophoma","ft_270","g__Coleophoma"
"g__Rhizophlyctis","ft_271","g__Rhizophlyctis"
"g__Dactylonectria","ft_272","g__Dactylonectria"
"g__Heydenia","ft_273","g__Heydenia"
"Unclass_o__Cladochytriales","ft_274","Unclass_o__Cladochytriales"
"Unclass_f__Helotiaceae","ft_275","Unclass_f__Helotiaceae"
"g__Articulospora","ft_276","g__Articulospora"
"Unclass_f__Cucurbitariaceae","ft_277","Unclass_f__Cucurbitariaceae"
"g__Trichosporiella","ft_278","g__Trichosporiella"
"g__Neobulgaria","ft_279","g__Neobulgaria"
"g__Chaetosphaeria","ft_280","g__Chaetosphaeria"
"g__Clonostachys","ft_281","g__Clonostachys"
"g__Trichoderma","ft_282","g__Trichoderma"
"g__Rhizophagus","ft_283","g__Rhizophagus"
"g__GS36_gen_Incertae_sedis","ft_284","g__GS36_gen_Incertae_sedis"
"Unclass_f__Pleosporales_fam_Incertae_sedis","ft_285","Unclass_f__Pleosporales_fam_Incertae_sedis"
"g__Lophiostoma","ft_286","g__Lophiostoma"
"g__Diplogelasinospora","ft_287","g__Diplogelasinospora"
"g__Dactylella","ft_288","g__Dactylella"
"g__Slooffia","ft_289","g__Slooffia"
"g__Geomyces","ft_290","g__Geomyces"
"g__Arxiella","ft_291","g__Arxiella"
"g__Cunninghamellaceae_gen_Incertae_sedis","ft_292","g__Cunninghamellaceae_gen_Incertae_sedis"
"g__Cladochytriales_gen_Incertae_sedis","ft_293","g__Cladochytriales_gen_Incertae_sedis"
"g__Amphisphaeriales_gen_Incertae_sedis","ft_294","g__Amphisphaeriales_gen_Incertae_sedis"
"g__Pisorisporiales_gen_Incertae_sedis","ft_295","g__Pisorisporiales_gen_Incertae_sedis"
"g__Absidia","ft_296","g__Absidia"
"g__Dothiorella","ft_297","g__Dothiorella"
"g__Pyxidiophorales_gen_Incertae_sedis","ft_298","g__Pyxidiophorales_gen_Incertae_sedis"
"Unclass_o__Diaporthales","ft_299","Unclass_o__Diaporthales"
"g__Immersidiscosia","ft_300","g__Immersidiscosia"
"g__Mycena","ft_301","g__Mycena"
"g__Murispora","ft_302","g__Murispora"
"g__Dioszegia","ft_303","g__Dioszegia"
"g__Chaetomidium","ft_304","g__Chaetomidium"
"g__Protomyces","ft_305","g__Protomyces"
"g__Knufia","ft_306","g__Knufia"
"g__Pezizomycotina_gen_Incertae_sedis","ft_307","g__Pezizomycotina_gen_Incertae_sedis"
"g__Rutstroemia","ft_308","g__Rutstroemia"
"g__Cosmospora","ft_309","g__Cosmospora"
"g__Pithoascus","ft_310","g__Pithoascus"
"g__Septoglomus","ft_311","g__Septoglomus"
"g__Limonomyces","ft_312","g__Limonomyces"
"g__Fimicolochytrium","ft_313","g__Fimicolochytrium"
"g__Cladophialophora","ft_314","g__Cladophialophora"
"g__Acaulosporaceae_gen_Incertae_sedis","ft_315","g__Acaulosporaceae_gen_Incertae_sedis"
"g__Cylindrosympodium","ft_316","g__Cylindrosympodium"
"Unclass_o__Sebacinales","ft_317","Unclass_o__Sebacinales"
"g__Harzia","ft_318","g__Harzia"
"g__Tricladiaceae_gen_Incertae_sedis","ft_319","g__Tricladiaceae_gen_Incertae_sedis"
"g__Dominikia","ft_320","g__Dominikia"
"g__Hyaloscyphaceae_gen_Incertae_sedis","ft_321","g__Hyaloscyphaceae_gen_Incertae_sedis"
"g__Subramaniula","ft_322","g__Subramaniula"
"g__Rhinocladiella","ft_323","g__Rhinocladiella"
"g__Xenoacremonium","ft_324","g__Xenoacremonium"
"g__Pisolithus","ft_325","g__Pisolithus"
"g__Flavopunctelia","ft_326","g__Flavopunctelia"
"g__Paragibellulopsis","ft_327","g__Paragibellulopsis"
"g__Herpotrichia","ft_328","g__Herpotrichia"
"g__Rhizophlyctidales_gen_Incertae_sedis","ft_329","g__Rhizophlyctidales_gen_Incertae_sedis"
"g__Pleomonodictydaceae_gen_Incertae_sedis","ft_330","g__Pleomonodictydaceae_gen_Incertae_sedis"
"Unclass_f__Hyaloscyphaceae","ft_331","Unclass_f__Hyaloscyphaceae"
"g__Cryptocline","ft_332","g__Cryptocline"
"Unclass_p__Chytridiomycota","ft_333","Unclass_p__Chytridiomycota"
"g__Macrotyphula","ft_334","g__Macrotyphula"
"g__Agaricomycetes_gen_Incertae_sedis","ft_335","g__Agaricomycetes_gen_Incertae_sedis"
"g__Plicaria","ft_336","g__Plicaria"
"g__Truncatella","ft_337","g__Truncatella"
"g__Didymocyrtis","ft_338","g__Didymocyrtis"
"g__Metacordyceps","ft_339","g__Metacordyceps"
"g__Scleroconidioma","ft_340","g__Scleroconidioma"
"g__Apophysomyces","ft_341","g__Apophysomyces"
"g__Myxarium","ft_342","g__Myxarium"
"g__Diversispora","ft_343","g__Diversispora"
"g__Marjia","ft_344","g__Marjia"
"Unclass_f__Hypocreales_fam_Incertae_sedis","ft_345","Unclass_f__Hypocreales_fam_Incertae_sedis"
"g__Trichophaeopsis","ft_346","g__Trichophaeopsis"
"g__Spirosphaera","ft_347","g__Spirosphaera"
"g__Microdochium","ft_348","g__Microdochium"
"Unclass_f__Leptosphaeriaceae","ft_349","Unclass_f__Leptosphaeriaceae"
"g__Harpochytrium","ft_350","g__Harpochytrium"
"g__Sphaerosporella","ft_351","g__Sphaerosporella"
"g__Apiosordaria","ft_352","g__Apiosordaria"
"g__Stachybotryaceae_gen_Incertae_sedis","ft_353","g__Stachybotryaceae_gen_Incertae_sedis"
"g__Cunninghamella","ft_354","g__Cunninghamella"
"g__Endogonales_gen_Incertae_sedis","ft_355","g__Endogonales_gen_Incertae_sedis"
"g__Neonectria","ft_356","g__Neonectria"
"g__Nowakowskiella","ft_357","g__Nowakowskiella"
"g__Stemphylium","ft_358","g__Stemphylium"
"g__Achroceratosphaeria","ft_359","g__Achroceratosphaeria"
"g__Phacidium","ft_360","g__Phacidium"
"g__Biscogniauxia","ft_361","g__Biscogniauxia"
"g__Phomatospora","ft_362","g__Phomatospora"
"g__Lacrymaria","ft_363","g__Lacrymaria"
"g__Saitoella","ft_364","g__Saitoella"
"g__Peziza","ft_365","g__Peziza"
"g__Fontanospora","ft_366","g__Fontanospora"
"g__Triscelophorus","ft_367","g__Triscelophorus"
"g__Pezizales_gen_Incertae_sedis","ft_368","g__Pezizales_gen_Incertae_sedis"
"g__Monosporascus","ft_369","g__Monosporascus"
"g__Phaeococcomyces","ft_370","g__Phaeococcomyces"
"g__Archaeorhizomyces","ft_371","g__Archaeorhizomyces"
"Unclass_o__Eurotiales","ft_372","Unclass_o__Eurotiales"
"g__Zoopagaceae_gen_Incertae_sedis","ft_373","g__Zoopagaceae_gen_Incertae_sedis"
"g__Chaetasbolisia","ft_374","g__Chaetasbolisia"
"Unclass_o__Minutisphaerales","ft_375","Unclass_o__Minutisphaerales"
"Unclass_c__Glomeromycetes","ft_376","Unclass_c__Glomeromycetes"
"g__Leuconeurospora","ft_377","g__Leuconeurospora"
"g__Geoglossum","ft_378","g__Geoglossum"
"g__Darksidea","ft_379","g__Darksidea"
"g__Hirsutella","ft_380","g__Hirsutella"
"g__Rhizophlyctidaceae_gen_Incertae_sedis","ft_381","g__Rhizophlyctidaceae_gen_Incertae_sedis"
"g__Vaginatispora","ft_382","g__Vaginatispora"
"g__Neophaeosphaeria","ft_383","g__Neophaeosphaeria"
"g__Apodus","ft_384","g__Apodus"
"g__Delitschia","ft_385","g__Delitschia"
"g__Fusculinaceae_gen_Incertae_sedis","ft_386","g__Fusculinaceae_gen_Incertae_sedis"
"g__Phialophora","ft_387","g__Phialophora"
"g__Torula","ft_388","g__Torula"
"g__Subulicystidium","ft_389","g__Subulicystidium"
"g__Orbiliomycetes_gen_Incertae_sedis","ft_390","g__Orbiliomycetes_gen_Incertae_sedis"
"Unclass_f__Archaeosporaceae","ft_391","Unclass_f__Archaeosporaceae"
"g__Ascomycota_gen_Incertae_sedis","ft_392","g__Ascomycota_gen_Incertae_sedis"
"Unclass_o__Orbiliales","ft_393","Unclass_o__Orbiliales"
"g__Neomicrosphaeropsis","ft_394","g__Neomicrosphaeropsis"
"g__Pseudosigmoidea","ft_395","g__Pseudosigmoidea"
"g__Balsamia","ft_396","g__Balsamia"
"g__Mortierellaceae_gen_Incertae_sedis","ft_397","g__Mortierellaceae_gen_Incertae_sedis"
"g__Paraglomus","ft_398","g__Paraglomus"
"Unclass_f__Didymosphaeriaceae","ft_399","Unclass_f__Didymosphaeriaceae"
"g__Pleurocatena","ft_400","g__Pleurocatena"
"g__Ramicandelaber","ft_401","g__Ramicandelaber"
"g__Crepidotus","ft_402","g__Crepidotus"
"g__Plectosphaerella","ft_403","g__Plectosphaerella"
"g__Karstenia","ft_404","g__Karstenia"
"g__Endosporium","ft_405","g__Endosporium"
"Unclass_f__Microascaceae","ft_406","Unclass_f__Microascaceae"
"g__Paramyrothecium","ft_407","g__Paramyrothecium"
"g__Ajellomycetaceae_gen_Incertae_sedis","ft_408","g__Ajellomycetaceae_gen_Incertae_sedis"
"g__Rozellomycota_gen_Incertae_sedis","ft_409","g__Rozellomycota_gen_Incertae_sedis"
"g__Cylindrium","ft_410","g__Cylindrium"
"g__Alatospora","ft_411","g__Alatospora"
"g__Peristomialis","ft_412","g__Peristomialis"
"g__Tubeufiales_gen_Incertae_sedis","ft_413","g__Tubeufiales_gen_Incertae_sedis"
"g__Melanogaster","ft_414","g__Melanogaster"
"g__Claussenomyces","ft_415","g__Claussenomyces"
"g__Hydropisphaera","ft_416","g__Hydropisphaera"
"g__Neohelicomyces","ft_417","g__Neohelicomyces"
"g__Paramicrothyrium","ft_418","g__Paramicrothyrium"
"g__Rhizoglomus","ft_419","g__Rhizoglomus"
"g__Simplicillium","ft_420","g__Simplicillium"
"g__Ochrocladosporium","ft_421","g__Ochrocladosporium"
"g__Helicosporium","ft_422","g__Helicosporium"
"g__Delitschiaceae_gen_Incertae_sedis","ft_423","g__Delitschiaceae_gen_Incertae_sedis"
"g__Paecilomyces","ft_424","g__Paecilomyces"
"g__Hyaloraphidiales_gen_Incertae_sedis","ft_425","g__Hyaloraphidiales_gen_Incertae_sedis"
"g__Lepidotia","ft_426","g__Lepidotia"
"g__Candelariella","ft_427","g__Candelariella"
"g__GS18_ord_Incertae_sedis_gen_Incertae_sedis","ft_428","g__GS18_ord_Incertae_sedis_gen_Incertae_sedis"
"g__Dactylospora","ft_429","g__Dactylospora"
"g__Tubeufiaceae_gen_Incertae_sedis","ft_430","g__Tubeufiaceae_gen_Incertae_sedis"
"g__Macrophomina","ft_431","g__Macrophomina"
"g__Pezizellaster","ft_432","g__Pezizellaster"
"g__Coprotus","ft_433","g__Coprotus"
"g__Hormiactis","ft_434","g__Hormiactis"
"g__Corticiales_gen_Incertae_sedis","ft_435","g__Corticiales_gen_Incertae_sedis"
"g__Geranomyces","ft_436","g__Geranomyces"
"g__Cystofilobasidium","ft_437","g__Cystofilobasidium"
"g__Kochiomyces","ft_438","g__Kochiomyces"
"g__Clavulinopsis","ft_439","g__Clavulinopsis"
"g__Trappea","ft_440","g__Trappea"
"g__Orbilia","ft_441","g__Orbilia"
"g__Chionosphaeraceae_gen_Incertae_sedis","ft_442","g__Chionosphaeraceae_gen_Incertae_sedis"
"g__Lasiosphaeria","ft_443","g__Lasiosphaeria"
"g__Amniculicola","ft_444","g__Amniculicola"
"Unclass_f__Amniculicolaceae","ft_445","Unclass_f__Amniculicolaceae"
"g__Cryptococcaceae_gen_Incertae_sedis","ft_446","g__Cryptococcaceae_gen_Incertae_sedis"
"g__Sporobolomyces","ft_447","g__Sporobolomyces"
"g__Lecythophora","ft_448","g__Lecythophora"
"g__Eurotiales_gen_Incertae_sedis","ft_449","g__Eurotiales_gen_Incertae_sedis"
"g__Veronaeopsis","ft_450","g__Veronaeopsis"
"g__Athelia","ft_451","g__Athelia"
"g__Cystobasidium","ft_452","g__Cystobasidium"
"g__Pseudoanungitea","ft_453","g__Pseudoanungitea"
"g__Apodospora","ft_454","g__Apodospora"
"g__Melanommataceae_gen_Incertae_sedis","ft_455","g__Melanommataceae_gen_Incertae_sedis"
"g__Trichobolus","ft_456","g__Trichobolus"
"g__Glomeraceae_gen_Incertae_sedis","ft_457","g__Glomeraceae_gen_Incertae_sedis"
"g__Trichophaea","ft_458","g__Trichophaea"
"g__Pseudoacrodictys","ft_459","g__Pseudoacrodictys"
"g__Ostropales_gen_Incertae_sedis","ft_460","g__Ostropales_gen_Incertae_sedis"
"g__Tubaria","ft_461","g__Tubaria"
"g__Curvibasidium","ft_462","g__Curvibasidium"
"g__Lanzia","ft_463","g__Lanzia"
"g__Sporormiella","ft_464","g__Sporormiella"
"Unclass_f__Glomeraceae","ft_465","Unclass_f__Glomeraceae"
"g__Entyloma","ft_466","g__Entyloma"
"Unclass_f__Typhulaceae","ft_467","Unclass_f__Typhulaceae"
"g__Endogone","ft_468","g__Endogone"
"g__Podosphaera","ft_469","g__Podosphaera"
"g__Archaeospora","ft_470","g__Archaeospora"
"g__Erythricium","ft_471","g__Erythricium"
"g__Halenospora","ft_472","g__Halenospora"
"g__Pyronemataceae_gen_Incertae_sedis","ft_473","g__Pyronemataceae_gen_Incertae_sedis"
"g__Kondoa","ft_474","g__Kondoa"
"Unclass_f__Serendipitaceae","ft_475","Unclass_f__Serendipitaceae"
"g__Endogonomycetes_gen_Incertae_sedis","ft_476","g__Endogonomycetes_gen_Incertae_sedis"
"g__Rasamsonia","ft_477","g__Rasamsonia"
"g__Rupestriomyces","ft_478","g__Rupestriomyces"
"Unclass_f__Parmeliaceae","ft_479","Unclass_f__Parmeliaceae"
"g__Lamprospora","ft_480","g__Lamprospora"
"g__Rhizophydium","ft_481","g__Rhizophydium"
"g__Sistotrema","ft_482","g__Sistotrema"
"g__Sphaerostilbella","ft_483","g__Sphaerostilbella"
"g__Unguicularia","ft_484","g__Unguicularia"
"g__Auricularia","ft_485","g__Auricularia"
"g__Ophiocordyceps","ft_486","g__Ophiocordyceps"
"Unclass_f__Monoblastiaceae","ft_487","Unclass_f__Monoblastiaceae"
"g__Coprinopsis","ft_488","g__Coprinopsis"
"g__Sebacinales_gen_Incertae_sedis","ft_489","g__Sebacinales_gen_Incertae_sedis"
"g__Myriangiales_gen_Incertae_sedis","ft_490","g__Myriangiales_gen_Incertae_sedis"
"g__Gaeumannomyces","ft_491","g__Gaeumannomyces"
"Unclass_f__Diaporthaceae","ft_492","Unclass_f__Diaporthaceae"
"g__Gallinipes","ft_493","g__Gallinipes"
"Unclass_f__Cortinariaceae","ft_494","Unclass_f__Cortinariaceae"
"g__Rhodosporidiobolus","ft_495","g__Rhodosporidiobolus"
"g__Litschauerella","ft_496","g__Litschauerella"
"g__Hypomyces","ft_497","g__Hypomyces"
"g__Nothoseiridium","ft_498","g__Nothoseiridium"
"g__Sordariales_gen_Incertae_sedis","ft_499","g__Sordariales_gen_Incertae_sedis"
"g__Geastrum","ft_500","g__Geastrum"
"Unclass_f__Inocybaceae","ft_501","Unclass_f__Inocybaceae"
"g__Gnomoniopsis","ft_502","g__Gnomoniopsis"
"Unclass_f__Sympoventuriaceae","ft_503","Unclass_f__Sympoventuriaceae"
"g__Tricladium","ft_504","g__Tricladium"
"g__Hymenoscyphus","ft_505","g__Hymenoscyphus"
"g__Scutellinia","ft_506","g__Scutellinia"
"g__Cryptosporiopsis","ft_507","g__Cryptosporiopsis"
"Unclass_f__Mollisiaceae","ft_508","Unclass_f__Mollisiaceae"
"g__Degelia","ft_509","g__Degelia"
"g__Botryohypochnus","ft_510","g__Botryohypochnus"
"g__Rhizophydiales_gen_Incertae_sedis","ft_511","g__Rhizophydiales_gen_Incertae_sedis"
"Unclass_o__Spizellomycetales","ft_512","Unclass_o__Spizellomycetales"
"g__Pteridiosperma","ft_513","g__Pteridiosperma"
"g__Sympoventuriaceae_gen_Incertae_sedis","ft_514","g__Sympoventuriaceae_gen_Incertae_sedis"
"g__Infundichalara","ft_515","g__Infundichalara"
"g__Mycenella","ft_516","g__Mycenella"
"g__Lasionectriopsis","ft_517","g__Lasionectriopsis"
"g__Pseudoophiobolus","ft_518","g__Pseudoophiobolus"
"g__Petrophila","ft_519","g__Petrophila"
"g__Calcarisporiella","ft_520","g__Calcarisporiella"
"g__Hawksworthiomyces","ft_521","g__Hawksworthiomyces"
"Unclass_o__Endogonales","ft_522","Unclass_o__Endogonales"
"g__Conocybe","ft_523","g__Conocybe"
"g__Itersonilia","ft_524","g__Itersonilia"
"g__Cylindrosympodioides","ft_525","g__Cylindrosympodioides"
"g__Micropeltidaceae_gen_Incertae_sedis","ft_526","g__Micropeltidaceae_gen_Incertae_sedis"
"g__Tulasnella","ft_527","g__Tulasnella"
"g__Acidomelania","ft_528","g__Acidomelania"
"g__Dactylaria","ft_529","g__Dactylaria"
"g__Valsaceae_gen_Incertae_sedis","ft_530","g__Valsaceae_gen_Incertae_sedis"
"g__Physcia","ft_531","g__Physcia"
"g__Plenodomus","ft_532","g__Plenodomus"
"g__Celosporium","ft_533","g__Celosporium"
"Unclass_f__Protrudomycetaceae","ft_534","Unclass_f__Protrudomycetaceae"
"g__Lentitheciaceae_gen_Incertae_sedis","ft_535","g__Lentitheciaceae_gen_Incertae_sedis"
"g__Sympodiella","ft_536","g__Sympodiella"
"g__Gongronella","ft_537","g__Gongronella"
"g__Curvularia","ft_538","g__Curvularia"
"g__Sakaguchia","ft_539","g__Sakaguchia"
"g__Powellomyces","ft_540","g__Powellomyces"
"g__Agaricostilbomycetes_gen_Incertae_sedis","ft_541","g__Agaricostilbomycetes_gen_Incertae_sedis"
"Unclass_f__Ascobolaceae","ft_542","Unclass_f__Ascobolaceae"
"g__Udeniozyma","ft_543","g__Udeniozyma"
"g__Junewangiaceae_gen_Incertae_sedis","ft_544","g__Junewangiaceae_gen_Incertae_sedis"
"g__Botrytis","ft_545","g__Botrytis"
"g__Leptosphaeriaceae_gen_Incertae_sedis","ft_546","g__Leptosphaeriaceae_gen_Incertae_sedis"
"g__Paraloratospora","ft_547","g__Paraloratospora"
"g__Arthrocladium","ft_548","g__Arthrocladium"
"g__Dendrophoma","ft_549","g__Dendrophoma"
"g__Blastocladiomycetes_gen_Incertae_sedis","ft_550","g__Blastocladiomycetes_gen_Incertae_sedis"
"g__Aleuria","ft_551","g__Aleuria"
"g__Dissoconium","ft_552","g__Dissoconium"
"g__Herpotrichiellaceae_gen_Incertae_sedis","ft_553","g__Herpotrichiellaceae_gen_Incertae_sedis"
"Unclass_f__Ploettnerulaceae","ft_554","Unclass_f__Ploettnerulaceae"
"g__Stachybotrys","ft_555","g__Stachybotrys"
"g__Tausonia","ft_556","g__Tausonia"
"g__Pseudocoleophoma","ft_557","g__Pseudocoleophoma"
"Unclass_o__Pisorisporiales","ft_558","Unclass_o__Pisorisporiales"
"g__Contumyces","ft_559","g__Contumyces"
"Unclass_f__Ceratostomataceae","ft_560","Unclass_f__Ceratostomataceae"
"g__Melanomma","ft_561","g__Melanomma"
"g__Phaeotremella","ft_562","g__Phaeotremella"
"g__Cadophora","ft_563","g__Cadophora"
"g__Densospora","ft_564","g__Densospora"
"Unclass_o__Auriculariales","ft_565","Unclass_o__Auriculariales"
"g__Lentithecium","ft_566","g__Lentithecium"
"Unclass_f__Rhizophydiales_fam_Incertae_sedis","ft_567","Unclass_f__Rhizophydiales_fam_Incertae_sedis"
"g__Evernia","ft_568","g__Evernia"
"g__Serendipitaceae_gen_Incertae_sedis","ft_569","g__Serendipitaceae_gen_Incertae_sedis"
"g__Mycenaceae_gen_Incertae_sedis","ft_570","g__Mycenaceae_gen_Incertae_sedis"
"g__Piptocephalis","ft_571","g__Piptocephalis"
"g__Constantinomyces","ft_572","g__Constantinomyces"
"Unclass_f__Clavariaceae","ft_573","Unclass_f__Clavariaceae"
"Unclass_o__Polyporales","ft_574","Unclass_o__Polyporales"
"g__Neophaeococcomyces","ft_575","g__Neophaeococcomyces"
"g__Haudseptoria","ft_576","g__Haudseptoria"
"Unclass_p__Zoopagomycota","ft_577","Unclass_p__Zoopagomycota"
"g__Chytridiales_gen_Incertae_sedis","ft_578","g__Chytridiales_gen_Incertae_sedis"
"g__Cystofilobasidiales_gen_Incertae_sedis","ft_579","g__Cystofilobasidiales_gen_Incertae_sedis"
"g__Kalmusia","ft_580","g__Kalmusia"
"Unclass_f__Dermateaceae","ft_581","Unclass_f__Dermateaceae"
"Unclass_f__Muyocopronaceae","ft_582","Unclass_f__Muyocopronaceae"
"g__Dothidotthia","ft_583","g__Dothidotthia"
"g__Blastobotrys","ft_584","g__Blastobotrys"
"g__Berkeleyomyces","ft_585","g__Berkeleyomyces"
"g__Lachnellula","ft_586","g__Lachnellula"
"g__Antealophiotrema","ft_587","g__Antealophiotrema"
"g__Teunia","ft_588","g__Teunia"
"g__Colletotrichum","ft_589","g__Colletotrichum"
"g__Bhatiellae","ft_590","g__Bhatiellae"
"Unclass_p__Mucoromycota","ft_591","Unclass_p__Mucoromycota"
"Unclass_o__Xylariales","ft_592","Unclass_o__Xylariales"
"g__GS22_gen_Incertae_sedis","ft_593","g__GS22_gen_Incertae_sedis"
"g__Kurtzmanomyces","ft_594","g__Kurtzmanomyces"
"g__Cystobasidiaceae_gen_Incertae_sedis","ft_595","g__Cystobasidiaceae_gen_Incertae_sedis"
"Unclass_f__Dothioraceae","ft_596","Unclass_f__Dothioraceae"
"g__Necromortierella","ft_597","g__Necromortierella"
"Unclass_f__Pannariaceae","ft_598","Unclass_f__Pannariaceae"
"g__Neovaginatispora","ft_599","g__Neovaginatispora"
"g__Isthmomyces","ft_600","g__Isthmomyces"
"g__Phoma","ft_601","g__Phoma"
"g__Paraphaeosphaeria","ft_602","g__Paraphaeosphaeria"
"g__Agaricostilbales_gen_Incertae_sedis","ft_603","g__Agaricostilbales_gen_Incertae_sedis"
"g__Keissleriella","ft_604","g__Keissleriella"
"g__Microbotryomycetes_gen_Incertae_sedis","ft_605","g__Microbotryomycetes_gen_Incertae_sedis"
"g__Minutisphaera","ft_606","g__Minutisphaera"
"Unclass_o__Archaeorhizomycetales","ft_607","Unclass_o__Archaeorhizomycetales"
"g__Eucasphaeria","ft_608","g__Eucasphaeria"
"g__Pleurotheciella","ft_609","g__Pleurotheciella"
"g__Botryosphaeria","ft_610","g__Botryosphaeria"
"g__GS27_gen_Incertae_sedis","ft_611","g__GS27_gen_Incertae_sedis"
"g__Neopyrenochaeta","ft_612","g__Neopyrenochaeta"
"g__Protrudomycetaceae_gen_Incertae_sedis","ft_613","g__Protrudomycetaceae_gen_Incertae_sedis"
"g__Typhula","ft_614","g__Typhula"
"g__Clavaria","ft_615","g__Clavaria"
"g__Mucoraceae_gen_Incertae_sedis","ft_616","g__Mucoraceae_gen_Incertae_sedis"
"g__Seiridium","ft_617","g__Seiridium"
"g__Nigrospora","ft_618","g__Nigrospora"
"g__Sympoventuria","ft_619","g__Sympoventuria"
"Unclass_f__Acaulosporaceae","ft_620","Unclass_f__Acaulosporaceae"
"g__Mycoleptodiscus","ft_621","g__Mycoleptodiscus"
"g__Endophragmiella","ft_622","g__Endophragmiella"
"g__Bensingtonia","ft_623","g__Bensingtonia"
"g__Haptocillium","ft_624","g__Haptocillium"
"g__Disciseda","ft_625","g__Disciseda"
"g__Lecanoromycetes_gen_Incertae_sedis","ft_626","g__Lecanoromycetes_gen_Incertae_sedis"
"g__Mortierellomycetes_gen_Incertae_sedis","ft_627","g__Mortierellomycetes_gen_Incertae_sedis"
"Unclass_f__Chaetosphaeriaceae","ft_628","Unclass_f__Chaetosphaeriaceae"
"Unclass_f__Pleosporaceae","ft_629","Unclass_f__Pleosporaceae"
"g__Geosmithia","ft_630","g__Geosmithia"
"g__Psathyrella","ft_631","g__Psathyrella"
"g__Entoloma","ft_632","g__Entoloma"
"Unclass_f__Melanommataceae","ft_633","Unclass_f__Melanommataceae"
"Unclass_f__Kriegeriaceae","ft_634","Unclass_f__Kriegeriaceae"
"g__Cryptotrichosporon","ft_635","g__Cryptotrichosporon"
"g__Corticiaceae_gen_Incertae_sedis","ft_636","g__Corticiaceae_gen_Incertae_sedis"
"g__Acaulospora","ft_637","g__Acaulospora"
"g__Parazalerion","ft_638","g__Parazalerion"
"g__Spiculogloeomycetes_gen_Incertae_sedis","ft_639","g__Spiculogloeomycetes_gen_Incertae_sedis"
"g__Cephalothecaceae_gen_Incertae_sedis","ft_640","g__Cephalothecaceae_gen_Incertae_sedis"
"g__Dictyosporiaceae_gen_Incertae_sedis","ft_641","g__Dictyosporiaceae_gen_Incertae_sedis"
"g__Betamyces","ft_642","g__Betamyces"
"g__Marcelleina","ft_643","g__Marcelleina"
"g__Microascus","ft_644","g__Microascus"
"Unclass_o__Monoblepharidales","ft_645","Unclass_o__Monoblepharidales"
"Unclass_f__Fusculinaceae","ft_646","Unclass_f__Fusculinaceae"
"Unclass_o__Venturiales","ft_647","Unclass_o__Venturiales"
"g__Physconia","ft_648","g__Physconia"
"g__Coltricia","ft_649","g__Coltricia"
"g__Lobulomyces","ft_650","g__Lobulomyces"
"g__Clavulinaceae_gen_Incertae_sedis","ft_651","g__Clavulinaceae_gen_Incertae_sedis"
"g__Rachicladosporium","ft_652","g__Rachicladosporium"
"g__Clitopilus","ft_653","g__Clitopilus"
"g__Saksenaea","ft_654","g__Saksenaea"
"g__GS17_ord_Incertae_sedis_gen_Incertae_sedis","ft_655","g__GS17_ord_Incertae_sedis_gen_Incertae_sedis"
"g__Oedocephalum","ft_656","g__Oedocephalum"
"g__Ochroconis","ft_657","g__Ochroconis"
"g__Clavariaceae_gen_Incertae_sedis","ft_658","g__Clavariaceae_gen_Incertae_sedis"
"g__Polyschema","ft_659","g__Polyschema"
"g__Metarhizium","ft_660","g__Metarhizium"
"g__Fonsecazyma","ft_661","g__Fonsecazyma"
"g__Arachnopeziza","ft_662","g__Arachnopeziza"
"g__Pleosporales_gen_Incertae_sedis","ft_663","g__Pleosporales_gen_Incertae_sedis"
"g__Diplodia","ft_664","g__Diplodia"
"Unclass_o__Microbotryomycetes_ord_Incertae_sedis","ft_665","Unclass_o__Microbotryomycetes_ord_Incertae_sedis"
"g__Lasiobolidium","ft_666","g__Lasiobolidium"
"g__Tremellaceae_gen_Incertae_sedis","ft_667","g__Tremellaceae_gen_Incertae_sedis"
"Unclass_o__Rhizophlyctidales","ft_668","Unclass_o__Rhizophlyctidales"
"g__Fomitiporia","ft_669","g__Fomitiporia"
"g__GS05_gen_Incertae_sedis","ft_670","g__GS05_gen_Incertae_sedis"
"g__Anthracobia","ft_671","g__Anthracobia"
"g__Warcupia","ft_672","g__Warcupia"
"g__Perilachnea","ft_673","g__Perilachnea"
"Unclass_o__Tubeufiales","ft_674","Unclass_o__Tubeufiales"
"Unclass_c__Leotiomycetes","ft_675","Unclass_c__Leotiomycetes"
"Unclass_o__Sclerococcales","ft_676","Unclass_o__Sclerococcales"
"g__Cyanodermella","ft_677","g__Cyanodermella"
"g__Halosarpheia","ft_678","g__Halosarpheia"
"g__Catenulomyces","ft_679","g__Catenulomyces"
"g__Atractospora","ft_680","g__Atractospora"
"g__Hemibeltrania","ft_681","g__Hemibeltrania"
"g__Papulaspora","ft_682","g__Papulaspora"
"Unclass_f__Niessliaceae","ft_683","Unclass_f__Niessliaceae"
"g__Dothideales_gen_Incertae_sedis","ft_684","g__Dothideales_gen_Incertae_sedis"
"Unclass_o__Agaricostilbales","ft_685","Unclass_o__Agaricostilbales"
"g__Hypoxylon","ft_686","g__Hypoxylon"
"Unclass_c__Archaeorhizomycetes","ft_687","Unclass_c__Archaeorhizomycetes"
"Unclass_f__Gloniaceae","ft_688","Unclass_f__Gloniaceae"
"g__Monoblepharomycota_gen_Incertae_sedis","ft_689","g__Monoblepharomycota_gen_Incertae_sedis"
"g__Mycopan","ft_690","g__Mycopan"
"g__Phlebia","ft_691","g__Phlebia"
"g__Symmetrospora","ft_692","g__Symmetrospora"
"g__Polyporus","ft_693","g__Polyporus"
"g__Heterocephalacria","ft_694","g__Heterocephalacria"
"g__Anteaglonium","ft_695","g__Anteaglonium"
"g__Cyphellophoraceae_gen_Incertae_sedis","ft_696","g__Cyphellophoraceae_gen_Incertae_sedis"
"g__Nanoglomus","ft_697","g__Nanoglomus"
"g__Angustimassarina","ft_698","g__Angustimassarina"
"g__Neodevriesia","ft_699","g__Neodevriesia"
"g__Verrucaria","ft_700","g__Verrucaria"
"Unclass_f__Sarcosomataceae","ft_701","Unclass_f__Sarcosomataceae"
"g__Pycnopeziza","ft_702","g__Pycnopeziza"
"g__Chrysozyma","ft_703","g__Chrysozyma"
"Unclass_f__Pleurotheciaceae","ft_704","Unclass_f__Pleurotheciaceae"
"Unclass_f__Physciaceae","ft_705","Unclass_f__Physciaceae"
"g__Zoopagomycota_gen_Incertae_sedis","ft_706","g__Zoopagomycota_gen_Incertae_sedis"
"Unclass_f__Sporocadaceae","ft_707","Unclass_f__Sporocadaceae"
"g__Buckleyzyma","ft_708","g__Buckleyzyma"
"Unclass_o__Hyaloraphidiales","ft_709","Unclass_o__Hyaloraphidiales"
"g__Golovinomyces","ft_710","g__Golovinomyces"
"g__Circinella","ft_711","g__Circinella"
"g__Laccaria","ft_712","g__Laccaria"
"g__Xylomelasma","ft_713","g__Xylomelasma"
"g__Pseudorhizidium","ft_714","g__Pseudorhizidium"
"g__Piskurozyma","ft_715","g__Piskurozyma"
"Unclass_f__Annulatascaceae","ft_716","Unclass_f__Annulatascaceae"
"g__Comoclathris","ft_717","g__Comoclathris"
"Unclass_f__Gonapodyaceae","ft_718","Unclass_f__Gonapodyaceae"
"g__Scutellospora","ft_719","g__Scutellospora"
"Unclass_f__Chionosphaeraceae","ft_720","Unclass_f__Chionosphaeraceae"
"g__Byssomerulius","ft_721","g__Byssomerulius"
"Unclass_f__Sporormiaceae","ft_722","Unclass_f__Sporormiaceae"
"g__Erratomyces","ft_723","g__Erratomyces"
"g__Tetracladium_f__Calloriaceae","ft_724","g__Tetracladium_f__Calloriaceae"
"g__Microthyrium","ft_725","g__Microthyrium"
"g__Kazachstania","ft_726","g__Kazachstania"
"g__Colacogloea","ft_727","g__Colacogloea"
"g__Sarocladium","ft_728","g__Sarocladium"
"Unclass_o__Mycosphaerellales","ft_729","Unclass_o__Mycosphaerellales"
"g__Helotium","ft_730","g__Helotium"
"g__Kwoniella","ft_731","g__Kwoniella"
"Unclass_c__Cystobasidiomycetes","ft_732","Unclass_c__Cystobasidiomycetes"
"Unclass_f__Trichomeriaceae","ft_733","Unclass_f__Trichomeriaceae"
"g__Cytosporella","ft_734","g__Cytosporella"
"g__Hysterium","ft_735","g__Hysterium"
"Unclass_o__Rhizophydiales","ft_736","Unclass_o__Rhizophydiales"
