DO_ID,PLFA_Total_Living_Microbial_Biomass_ng_g,PLFA_Total_Bacteria_ng_g,PLFA_Total_Bacteria_Percent_of_Total_Biomass,PLFA_Gram_Plus_Bacteria_ng_g,PLFA_Gram_Plus_Bacteria_Percent_of_Total_Biomass,PLFA_Actinobacteria_ng_g,PLFA_Actinobacteria_Percent_of_Total_Biomass,PLFA_Gram_Negative_Bacteria_ng_g,PLFA_Gram_Negative_Bacteria_Percent_of_Total_Biomass,PLFA_Total_Fungi_ng_g,PLFA_Arbuscular_Mycorrhizal_Fungi_ng_g,PLFA_Saprotrophic_Fungi_Percent_of_Total_Biomass,PLFA_Saprotrophic_Fungi_ng_g,PLFA_Protozoa_Percent_of_Total_Biomass,PLFA_Protozoa_ng_g,PLFA_Undifferentiated_Percent_of_Total_Biomass,PLFA_Undifferentiated_ng_g,PLFA_Fungi_Bacteria_Ratio_ng_g,PLFA_Predator_Prey_Ratio_ng_g,PLFA_Gram_Positive_Gram_Negative_Ratio_ng_g,PLFA_Saturated_Unsaturated_Ratio_ng_g,PLFA_Monounsaturated_Polyunsaturated_Ratio_ng_g
DO_T02_0-7.5,5202.31,1481.23,28.47,541.06,10.4,183.73,3.53,940.17,18.07,963.6,158.07,15.48,805.53,2.34,121.86,50.66,2635.63,0.65,0.08,0.58,1.13,2.23
DO_T02_7.5-15,2927.52,960.48,32.81,302.94,10.35,123.55,4.22,657.54,22.46,233.04,54.77,6.09,178.26,1.1,32.09,58.14,1701.92,0.24,0.03,0.46,1.82,10.71
DO_T02_15-22.5,2797.66,1037.18,37.07,372.69,13.32,159.53,5.7,664.49,23.75,232.46,42.54,6.79,189.92,1.66,46.41,52.51,1469.15,0.22,0.04,0.56,1.76,9.12
DO_T02_22.5-30,2398.18,1014.46,42.3,356.65,14.87,168.26,7.02,657.81,27.43,216.74,45.29,7.15,171.46,1.36,32.64,47.3,1134.33,0.21,0.03,0.54,1.92,13.5
DO_T02_30-37.5,2386.02,683.05,28.63,277.49,11.63,142.06,5.95,405.56,17,161.89,27.03,5.65,134.86,0.47,11.29,64.11,1529.79,0.24,0.02,0.68,2.18,6.77
DO_T02_37.5-45,2273.05,634.89,27.93,308.25,13.56,188.39,8.29,326.64,14.37,148.44,26.18,5.38,122.26,0.44,10.05,65.1,1479.67,0.23,0.02,0.94,2.92,3.43
DO_T03_0-7.5,6135.09,2040.66,33.26,741.01,12.08,300.01,4.89,1299.65,21.18,1177.17,173.78,16.36,1003.39,1.67,102.21,45.88,2815.04,0.58,0.05,0.57,1.03,4.08
DO_T03_7.5-15,3408.07,1270.03,37.27,536.08,15.73,252.57,7.41,733.95,21.54,336.15,68.09,7.87,268.06,1.16,39.59,51.71,1762.3,0.26,0.03,0.73,1.97,10.21
DO_T03_15-22.5,3397.46,1270.86,37.41,450.36,13.26,208.86,6.15,820.5,24.15,386.92,56.94,9.71,329.98,0.99,33.69,50.21,1705.98,0.3,0.03,0.55,1.65,4.05
DO_T03_22.5-30,2187.26,813.67,37.2,335.14,15.32,183.15,8.37,478.52,21.88,219.42,40.49,8.18,178.92,1.3,28.5,50.96,1114.67,0.27,0.04,0.7,2.44,4.13
DO_T03_30-37.5,2536.9,709.15,27.95,359.1,14.16,207.61,8.18,350.05,13.8,193.54,27.68,6.54,165.86,0.42,10.66,64,1623.55,0.27,0.02,1.03,2.66,2.07
DO_T03_37.5-45,1918.66,502.85,26.21,275.44,14.36,174.18,9.08,227.41,11.85,92.13,16.8,3.93,75.33,0,0,68.99,1323.68,0.18,0,1.21,3.59,2.92
DO_T04_0-7.5,3320.2,972.89,29.3,366.38,11.03,155.66,4.69,606.51,18.27,484.2,77.68,12.24,406.51,2.47,81.92,53.35,1771.47,0.5,0.08,0.6,1.26,2.6
DO_T04_7.5-15,3086.37,1163.04,37.68,428.66,13.89,213.99,6.93,734.38,23.79,307.92,68.92,7.74,239,1.57,48.32,50.77,1567.11,0.26,0.04,0.58,1.48,10.67
DO_T04_15-22.5,2896.32,974.81,33.66,456.19,15.75,252.73,8.73,518.62,17.91,250.68,49.89,6.93,200.79,0.53,15.47,57.15,1655.36,0.26,0.02,0.88,2.4,3.92
DO_T04_22.5-30,788.51,292.29,37.07,130.81,16.59,67.19,8.52,161.48,20.48,95.47,15.43,10.15,80.04,0,0,50.82,400.74,0.33,0,0.81,2.58,4.31
DO_T04_30-37.5,1782.17,442.13,24.81,191.38,10.74,99.08,5.56,250.74,14.07,121.26,14.07,6.01,107.19,0,0,68.39,1218.78,0.27,0,0.76,2.54,2.44
DO_T04_37.5-45,1556.76,262.71,16.88,113.94,7.32,55.59,3.57,148.77,9.56,64.21,0,4.12,64.21,0,0,79,1229.84,0.24,0,0.77,3.25,1.89
DO_T05_0-7.5,2371.19,666.08,28.09,256.5,10.82,131.26,5.54,409.58,17.27,229.92,32.15,8.34,197.77,0.6,14.32,61.61,1460.87,0.35,0.02,0.63,1.7,4.53
DO_T05_7.5-15,2494.43,871.01,34.92,360.6,14.46,188.74,7.57,510.41,20.46,229.34,47.96,7.27,181.38,1.1,27.45,54.79,1366.63,0.26,0.03,0.71,1.97,7.41
DO_T05_15-22.5,3409.3,1465.35,42.98,626.75,18.38,342.19,10.04,838.6,24.6,226.52,46.93,5.27,179.6,0.39,13.24,49.99,1704.18,0.15,0.01,0.75,2.85,10.72
DO_T05_22.5-30,3112.49,1189.63,38.22,636.56,20.45,304.96,9.8,553.07,17.77,162.67,34.81,4.11,127.86,0,0,56.55,1760.19,0.14,0,1.15,3.91,10.81
DO_T05_30-37.5,3132.4,1080,34.48,608.81,19.44,316.6,10.11,471.19,15.04,178.78,34.5,4.61,144.29,0.3,9.48,59.51,1864.13,0.17,0.01,1.29,3.61,3.83
DO_T05_37.5-45,2335.39,863.92,36.99,516.25,22.11,278.13,11.91,347.67,14.89,169.47,26.29,6.13,143.18,0,0,55.75,1302,0.2,0,1.48,3.99,3.95
DO_T06_0-7.5,5158.41,1361.89,26.4,554.61,10.75,153.13,2.97,807.28,15.65,1187.7,101.67,21.05,1086.03,1.5,77.47,48.88,2521.29,0.87,0.06,0.69,1.04,0.66
DO_T06_7.5-15,2531.4,603.88,23.86,289.87,11.45,132.72,5.24,314.01,12.4,315.92,28.48,11.35,287.44,0.51,12.98,62.61,1584.8,0.52,0.02,0.92,2,1.92
DO_T06_15-22.5,2620.3,612.73,23.38,355.5,13.57,159.88,6.1,257.23,9.82,324.94,31.07,11.22,293.87,0.98,25.63,63.24,1657.01,0.53,0.04,1.38,2.34,1.9
DO_T06_22.5-30,3402.67,1124.26,33.04,629.99,18.51,320.67,9.42,494.27,14.53,330.25,54.19,8.11,276.06,1.02,34.76,56.23,1913.4,0.29,0.03,1.27,2.37,3.13
DO_T06_30-37.5,2196.33,796.91,36.28,417.43,19.01,226.69,10.32,379.48,17.28,158.64,27.89,5.95,130.76,0.69,15.07,55.81,1225.7,0.2,0.02,1.1,2.43,4.43
DO_T06_37.5-45,1477.28,474.49,32.12,262.07,17.74,140.64,9.52,212.41,14.38,112.24,19.06,6.31,93.18,0,0,60.28,890.55,0.24,0,1.23,3.46,4.13
DO_T07_0-7.5,5620.31,1570.77,27.95,651.35,11.59,204.56,3.64,919.43,16.36,1177.81,159.05,18.13,1018.76,2.25,126.69,48.84,2745.04,0.75,0.08,0.71,1.09,1.67
DO_T07_7.5-15,2739.73,639.57,23.34,326.68,11.92,128.15,4.68,312.89,11.42,278.16,36.84,8.81,241.33,0.6,16.56,65.5,1794.44,0.43,0.03,1.04,2.51,2.23
DO_T07_15-22.5,2890.26,723.67,25.04,343.34,11.88,117.18,4.05,380.33,13.16,311.02,32.55,9.63,278.47,0,0,64.2,1855.57,0.43,0,0.9,2.34,3.76
DO_T07_22.5-30,3222.14,904.94,28.09,393.59,12.22,155.75,4.83,511.36,15.87,340.53,49.76,9.02,290.77,0.5,15.98,60.85,1960.69,0.38,0.02,0.77,2.45,3.07
DO_T07_30-37.5,2733.93,795.75,29.11,365.35,13.36,146.83,5.37,430.4,15.74,297.65,43.87,9.28,253.77,0.6,16.31,59.41,1624.22,0.37,0.02,0.85,2.29,2.46
DO_T07_37.5-45,2828.21,992.49,35.09,476.39,16.84,197.89,7,516.1,18.25,323.26,52.82,9.56,270.44,0.77,21.64,52.71,1490.82,0.33,0.02,0.92,2.54,2.84
