Decay_type_template,,brown_rot,chitinolytic,keratinolytic,mold,other,soft_rot,white_rot,NA
DO_PCR_R_bc001_PCR_F_bc001_R1.fastq.gz,4.959077e-01,0.000000e+00,1.699559e-02,1.018615e-05,1.434210e-02,0.000000e+00,3.278413e-02,0.000000e+00,4.399603e-01
DO_PCR_R_bc001_PCR_F_bc002_R1.fastq.gz,0.361271596,0.000000000,0.006342627,0.006091434,0.011031567,0.002211895,0.004556365,0.000000000,0.608494516
DO_PCR_R_bc001_PCR_F_bc003_R1.fastq.gz,0.5125622585,0.0000000000,0.0020232284,0.0002321738,0.1844288802,0.0000000000,0.0821342296,0.0000000000,0.2186192295
DO_PCR_R_bc001_PCR_F_bc004_R1.fastq.gz,4.557874e-01,0.000000e+00,2.787169e-02,1.099475e-04,3.167404e-02,0.000000e+00,2.834813e-02,2.748688e-05,4.561813e-01
DO_PCR_R_bc001_PCR_F_bc006_R1.fastq.gz,5.605873e-01,0.000000e+00,7.403128e-03,1.132843e-05,4.326893e-02,0.000000e+00,7.310235e-02,1.823311e-02,2.973939e-01
DO_PCR_R_bc001_PCR_F_bc007_R1.fastq.gz,0.6812869916,0.0000000000,0.0051252991,0.0001343240,0.0008101415,0.0000000000,0.0327204802,0.0000000000,0.2799227637
DO_PCR_R_bc001_PCR_F_bc008_R1.fastq.gz,7.352180e-01,0.000000e+00,4.252273e-05,4.535758e-04,3.578997e-03,9.709357e-04,3.401819e-04,0.000000e+00,2.593958e-01
DO_PCR_R_bc001_PCR_F_bc009_R1.fastq.gz,3.904596e-01,0.000000e+00,1.424600e-02,0.000000e+00,2.426288e-02,7.942023e-05,6.629604e-02,3.593766e-03,5.010622e-01
DO_PCR_R_bc001_PCR_F_bc010_R1.fastq.gz,0.3632317261,0.0000000000,0.0014027968,0.0000838149,0.0277074419,0.0000000000,0.3335877189,0.0000000000,0.2739865014
DO_PCR_R_bc001_PCR_F_bc011_R1.fastq.gz,0.8328269849,0.0000000000,0.0038329684,0.0004145068,0.0003364820,0.0000000000,0.0003462351,0.0000000000,0.1622428229
DO_PCR_R_bc001_PCR_F_bc013_R1.fastq.gz,2.477065e-01,0.000000e+00,1.219929e-05,1.567608e-03,5.062704e-03,0.000000e+00,3.537793e-04,0.000000e+00,7.452972e-01
DO_PCR_R_bc001_PCR_F_bc014_R1.fastq.gz,5.631741e-01,0.000000e+00,6.818734e-04,0.000000e+00,1.203655e-02,0.000000e+00,2.235359e-03,9.486935e-05,4.217773e-01
DO_PCR_R_bc001_PCR_F_bc015_R1.fastq.gz,8.013521e-01,0.000000e+00,1.499244e-03,5.956998e-04,1.603192e-03,3.438267e-04,2.906535e-03,4.797582e-05,1.916514e-01
DO_PCR_R_bc001_PCR_F_bc016_R1.fastq.gz,0.4790119461,0.0000000000,0.0007923179,0.0253039543,0.0189375129,0.0001618114,0.0076107153,0.0000000000,0.4681817421
DO_PCR_R_bc001_PCR_F_bc017_R1.fastq.gz,0.8344806163,0.0000000000,0.0066662525,0.0001056163,0.0009940358,0.0000000000,0.0041066103,0.0000000000,0.1536468688
DO_PCR_R_bc001_PCR_F_bc018_R1.fastq.gz,0.6842814723,0.0000000000,0.0001589593,0.0021109790,0.0102560516,0.0004641610,0.0070450745,0.0000000000,0.2956833023
DO_PCR_R_bc001_PCR_F_bc020_R1.fastq.gz,0.6902703165,0.0000000000,0.0021501700,0.0003287722,0.0014137203,0.0003287722,0.0573575923,0.0000000000,0.2481506566
DO_PCR_R_bc001_PCR_F_bc021_R1.fastq.gz,0.5008211160,0.0000000000,0.0317217469,0.0003052867,0.0004281032,0.0048635333,0.0009509506,0.0000000000,0.4609092632
DO_PCR_R_bc001_PCR_F_bc022_R1.fastq.gz,0.6950719649,0.0000000000,0.0006158514,0.0000000000,0.0039928382,0.0000000000,0.0550636448,0.0000000000,0.2452557007
DO_PCR_R_bc002_PCR_F_bc003_R1.fastq.gz,0.7660799896,0.0000000000,0.0022932136,0.0000000000,0.0184923444,0.0000000000,0.0433836917,0.0002280994,0.1695226613
DO_PCR_R_bc002_PCR_F_bc006_R1.fastq.gz,0.612590931,0.000000000,0.008416616,0.000000000,0.007587192,0.000000000,0.020722007,0.000000000,0.350683255
DO_PCR_R_bc002_PCR_F_bc009_R1.fastq.gz,0.7597486279,0.0000000000,0.0265758968,0.0001714179,0.0259177745,0.0000000000,0.0340876741,0.0002877372,0.1532108716
DO_PCR_R_bc002_PCR_F_bc010_R1.fastq.gz,0.6473142044,0.0000000000,0.0043426150,0.0068834097,0.0419208317,0.0002166746,0.0018508572,0.0003945758,0.2970768317
DO_PCR_R_bc002_PCR_F_bc011_R1.fastq.gz,2.695370e-01,0.000000e+00,7.995221e-04,8.916603e-06,3.876909e-01,0.000000e+00,3.553266e-02,2.080541e-04,3.062229e-01
DO_PCR_R_bc002_PCR_F_bc012_R1.fastq.gz,6.343912e-01,5.262037e-05,1.062931e-02,4.986406e-04,1.788241e-01,0.000000e+00,1.988549e-02,2.856534e-04,1.554331e-01
DO_PCR_R_bc002_PCR_F_bc013_R1.fastq.gz,8.024327e-01,0.000000e+00,4.637850e-04,2.490063e-04,3.897676e-03,0.000000e+00,5.878603e-04,5.134151e-05,1.923176e-01
DO_PCR_R_bc002_PCR_F_bc014_R1.fastq.gz,0.7499870034,0.0000000000,0.0050877357,0.0001524934,0.0091634695,0.0000346576,0.0587342351,0.0166356481,0.1602047571
DO_PCR_R_bc002_PCR_F_bc015_R1.fastq.gz,0.5427412936,0.0000000000,0.0086579621,0.0022693540,0.0213814021,0.0000000000,0.0342984362,0.0004947407,0.3901568113
DO_PCR_R_bc002_PCR_F_bc016_R1.fastq.gz,8.743841e-01,0.000000e+00,7.902149e-05,1.264344e-03,2.493128e-02,0.000000e+00,1.236122e-03,0.000000e+00,9.810518e-02
DO_PCR_R_bc002_PCR_F_bc017_R1.fastq.gz,0.587318087,0.000000000,0.005197505,0.000000000,0.125779626,0.000000000,0.072245322,0.000000000,0.209459459
DO_PCR_R_bc002_PCR_F_bc018_R1.fastq.gz,0.3825070613,0.0000000000,0.0018375737,0.0009705879,0.1529821041,0.0000000000,0.1477174826,0.0003898710,0.3135953194
DO_PCR_R_bc002_PCR_F_bc019_R1.fastq.gz,0.8636308753,0.0000000000,0.0017096222,0.0006887884,0.0025383636,0.0000000000,0.0005598121,0.0000000000,0.1308725385
DO_PCR_R_bc002_PCR_F_bc020_R1.fastq.gz,9.097132e-01,0.000000e+00,4.646737e-04,3.687887e-05,8.142854e-03,0.000000e+00,3.754269e-03,0.000000e+00,7.788817e-02
DO_PCR_R_bc002_PCR_F_bc021_R1.fastq.gz,0.9212233139,0.0000000000,0.0076530989,0.0044815444,0.0157248036,0.0000000000,0.0001920662,0.0000000000,0.0507251730
DO_PCR_R_bc002_PCR_F_bc022_R1.fastq.gz,0.8386175292,0.0000000000,0.0011720325,0.0001695867,0.0192160572,0.0000000000,0.0019295198,0.0000000000,0.1388952746
DO_PCR_R_bc003_PCR_F_bc001_R1.fastq.gz,9.517533e-01,0.000000e+00,3.087462e-04,6.668917e-04,6.125524e-03,0.000000e+00,5.186936e-04,2.058308e-05,4.060630e-02
DO_PCR_R_bc003_PCR_F_bc002_R1.fastq.gz,4.964544e-01,0.000000e+00,7.396111e-04,3.316579e-02,1.275845e-01,2.804977e-04,6.927325e-03,1.289644e-06,3.348465e-01
DO_PCR_R_bc003_PCR_F_bc003_R1.fastq.gz,0.8733342257,0.0000000000,0.0045633643,0.0005814002,0.0029195493,0.0000000000,0.0010791457,0.0000000000,0.1175223149
DO_PCR_R_bc003_PCR_F_bc004_R1.fastq.gz,0.6398771243,0.0000000000,0.0002779780,0.0018421933,0.0742012844,0.0001884597,0.0029305479,0.0000565379,0.2806258746
DO_PCR_R_bc003_PCR_F_bc005_R1.fastq.gz,3.428876e-01,0.000000e+00,5.273956e-03,4.022850e-06,6.325931e-02,5.229705e-05,3.472162e-01,3.658380e-02,2.047228e-01
DO_PCR_R_bc003_PCR_F_bc006_R1.fastq.gz,0.6236182421,0.0000000000,0.0014535998,0.0004238668,0.0057904517,0.0000000000,0.0209849994,0.0000000000,0.3477288402
DO_PCR_R_bc003_PCR_F_bc007_R1.fastq.gz,0.9254924192,0.0000000000,0.0026587997,0.0008916706,0.0029093043,0.0014015703,0.0008529706,0.0000000000,0.0657932652
DO_PCR_R_bc003_PCR_F_bc008_R1.fastq.gz,4.960597e-01,0.000000e+00,1.542481e-03,7.157684e-06,2.252165e-02,0.000000e+00,4.442774e-02,7.157684e-05,4.353697e-01
DO_PCR_R_bc003_PCR_F_bc009_R1.fastq.gz,0.8169626470,0.0000000000,0.0026655713,0.0003670623,0.0023509465,0.0000000000,0.0023727954,0.0000000000,0.1752809774
DO_PCR_R_bc003_PCR_F_bc010_R1.fastq.gz,0.8453864590,0.0000000000,0.0030295087,0.0002658778,0.0005692031,0.0000000000,0.0009137208,0.0000000000,0.1498352307
DO_PCR_R_bc003_PCR_F_bc011_R1.fastq.gz,0.466914523,0.000000000,0.003690931,0.000000000,0.115552714,0.000000000,0.058486281,0.007445788,0.347909762
DO_PCR_R_bc003_PCR_F_bc012_R1.fastq.gz,0.837935599,0.000000000,0.003669580,0.002070692,0.004193806,0.002752185,0.005465054,0.000000000,0.143913083
DO_PCR_R_bc003_PCR_F_bc013_R1.fastq.gz,5.928292e-01,0.000000e+00,3.745938e-03,1.344042e-03,2.219738e-03,2.711481e-04,3.780197e-03,8.105197e-05,3.957287e-01
DO_PCR_R_bc003_PCR_F_bc014_R1.fastq.gz,0.3697741151,0.0000000000,0.0002111932,0.0053670630,0.1038359120,0.0000000000,0.0526123686,0.0001698728,0.4680294752
DO_PCR_R_bc003_PCR_F_bc015_R1.fastq.gz,5.368407e-01,4.576659e-05,5.688860e-03,3.465185e-04,1.812132e-01,0.000000e+00,1.767535e-02,2.673350e-04,2.579223e-01
DO_PCR_R_bc003_PCR_F_bc016_R1.fastq.gz,9.788852e-01,0.000000e+00,3.273147e-05,1.249747e-04,2.481641e-03,0.000000e+00,4.314603e-04,0.000000e+00,1.804397e-02
DO_PCR_R_bc003_PCR_F_bc017_R1.fastq.gz,0.795639320,0.000000000,0.001108647,0.000000000,0.025868441,0.000000000,0.002586844,0.000000000,0.174796748
DO_PCR_R_bc003_PCR_F_bc018_R1.fastq.gz,9.992104e-01,0.000000e+00,0.000000e+00,4.082672e-07,8.900226e-05,0.000000e+00,1.918856e-05,0.000000e+00,6.809898e-04
DO_PCR_R_bc003_PCR_F_bc019_R1.fastq.gz,0.81414538,0.00000000,0.00000000,0.00000000,0.02554028,0.00000000,0.00000000,0.00000000,0.16031434
