Decay_substrate_template,,animal_material,"animal_material,dung","animal_material,protist_material",dung,"dung,animal_material",fungal_material,"fungal_material,algal_material",leaf/fruit/seed,"leaf/fruit/seed,algal_material","leaf/fruit/seed,algal_material,fungal_material,protist_material","leaf/fruit/seed,animal_material","leaf/fruit/seed,dung","leaf/fruit/seed,roots","leaf/fruit/seed,roots,algal_material,animal_material","leaf/fruit/seed,roots,algal_material,fungal_material,animal_material","leaf/fruit/seed,roots,animal_material,sugar-rich_substrates","leaf/fruit/seed,roots,soil","leaf/fruit/seed,roots,soil,animal_material","leaf/fruit/seed,soil","leaf/fruit/seed,soil,animal_material","leaf/fruit/seed,soil,dung,animal_material","leaf/fruit/seed,soil,fungal_material","leaf/fruit/seed,wood",pollen,"pollen,animal_material","pollen,soil","roots,soil",soil,"soil,animal_material","soil,dung","soil,dung,burnt_material","soil,roots",sugar-rich_substrates,wood,"wood,animal_material","wood,fungal_material","wood,leaf/fruit/seed","wood,leaf/fruit/seed,fungal_material,animal_material","wood,leaf/fruit/seed,roots","wood,leaf/fruit/seed,roots,algal_material","wood,leaf/fruit/seed,roots,soil","wood,leaf/fruit/seed,soil","wood,leaf/fruit/seed,soil,animal_material","wood,leaf/fruit/seed,soil,dung","wood,leaf/fruit/seed,soil,dung,animal_material","wood,leaf/fruit/seed,soil,fungal_material","wood,pollen",NA
DO_PCR_R_bc001_PCR_F_bc001_R1.fastq.gz,1.646591e-02,1.981207e-03,0.000000e+00,0.000000e+00,7.537752e-04,0.000000e+00,6.620999e-05,7.639614e-05,5.668594e-02,0.000000e+00,0.000000e+00,4.787491e-04,7.297869e-02,0.000000e+00,0.000000e+00,0.000000e+00,2.831750e-03,0.000000e+00,6.641371e-03,7.583590e-03,2.037230e-05,1.461713e-03,4.991214e-04,0.000000e+00,0.000000e+00,0.000000e+00,0.000000e+00,1.699559e-02,3.083552e-01,1.069546e-04,0.000000e+00,6.559882e-03,0.000000e+00,0.000000e+00,9.900940e-03,0.000000e+00,0.000000e+00,1.449489e-02,0.000000e+00,0.000000e+00,0.000000e+00,0.000000e+00,0.000000e+00,3.310499e-04,1.685808e-03,3.291146e-02,1.731646e-04,0.000000e+00,4.399603e-01
DO_PCR_R_bc001_PCR_F_bc002_R1.fastq.gz,9.476262e-02,5.993748e-03,5.337855e-03,0.000000e+00,3.349242e-04,0.000000e+00,0.000000e+00,1.043847e-02,6.547071e-02,6.628709e-04,0.000000e+00,8.791761e-04,1.207123e-03,0.000000e+00,0.000000e+00,0.000000e+00,6.977588e-04,1.311787e-03,1.081526e-03,4.744760e-04,0.000000e+00,4.395880e-04,0.000000e+00,0.000000e+00,0.000000e+00,0.000000e+00,0.000000e+00,6.391471e-03,9.379972e-02,0.000000e+00,1.325742e-04,0.000000e+00,2.632644e-02,0.000000e+00,5.209467e-02,0.000000e+00,0.000000e+00,1.191074e-02,0.000000e+00,0.000000e+00,0.000000e+00,0.000000e+00,0.000000e+00,0.000000e+00,1.925814e-03,9.824444e-03,6.977588e-06,0.000000e+00,6.084945e-01
DO_PCR_R_bc001_PCR_F_bc003_R1.fastq.gz,1.003212e-01,3.095650e-04,2.321738e-04,0.000000e+00,1.082925e-02,0.000000e+00,4.637947e-03,7.186330e-04,9.073019e-02,3.869563e-05,0.000000e+00,2.542855e-04,3.079619e-02,0.000000e+00,0.000000e+00,0.000000e+00,4.715338e-03,6.799374e-04,4.246016e-02,7.168088e-02,2.321738e-04,6.749623e-03,0.000000e+00,0.000000e+00,4.145960e-04,0.000000e+00,0.000000e+00,2.023228e-03,2.044622e-01,2.266458e-04,0.000000e+00,3.924842e-04,0.000000e+00,0.000000e+00,3.880618e-02,0.000000e+00,0.000000e+00,8.674454e-02,0.000000e+00,1.105589e-05,0.000000e+00,0.000000e+00,8.844714e-05,2.985091e-04,3.759004e-03,7.864610e-02,1.216148e-04,0.000000e+00,2.186192e-01
DO_PCR_R_bc001_PCR_F_bc004_R1.fastq.gz,1.425103e-01,2.849473e-03,0.000000e+00,0.000000e+00,1.924081e-04,0.000000e+00,3.664917e-04,1.374344e-04,1.735338e-02,1.658375e-03,1.099475e-04,1.933244e-03,0.000000e+00,0.000000e+00,0.000000e+00,0.000000e+00,0.000000e+00,1.786647e-03,1.209423e-03,3.023556e-04,5.772244e-04,8.319361e-03,3.802351e-03,0.000000e+00,1.997380e-03,0.000000e+00,0.000000e+00,4.429052e-02,1.587642e-01,2.748688e-05,0.000000e+00,0.000000e+00,0.000000e+00,0.000000e+00,5.765830e-02,0.000000e+00,0.000000e+00,2.084421e-02,0.000000e+00,0.000000e+00,0.000000e+00,0.000000e+00,0.000000e+00,6.418185e-02,1.164527e-02,1.291883e-03,9.162292e-06,0.000000e+00,4.561813e-01
DO_PCR_R_bc001_PCR_F_bc006_R1.fastq.gz,1.061360e-01,1.189485e-04,0.000000e+00,0.000000e+00,3.539001e-02,0.000000e+00,2.265686e-03,9.708463e-03,1.466918e-01,7.703331e-04,1.132843e-05,1.421718e-03,2.655384e-02,0.000000e+00,0.000000e+00,0.000000e+00,7.992206e-03,6.910341e-04,9.210012e-03,2.351215e-02,4.395430e-03,4.556860e-02,2.537568e-03,0.000000e+00,9.119385e-04,0.000000e+00,0.000000e+00,7.833608e-03,1.625913e-01,6.060709e-04,0.000000e+00,5.046815e-03,7.363478e-05,1.132843e-05,5.686304e-02,0.000000e+00,0.000000e+00,1.569554e-02,0.000000e+00,2.741480e-03,0.000000e+00,0.000000e+00,5.381003e-04,7.420120e-04,5.890783e-04,2.491688e-02,4.701298e-04,0.000000e+00,2.973939e-01
DO_PCR_R_bc001_PCR_F_bc007_R1.fastq.gz,5.876590e-01,1.136297e-02,6.296436e-05,0.000000e+00,7.392016e-03,0.000000e+00,1.007430e-04,0.000000e+00,3.422323e-02,2.027452e-03,0.000000e+00,2.140788e-04,2.643244e-02,0.000000e+00,0.000000e+00,0.000000e+00,3.358099e-05,2.056836e-04,9.612559e-04,0.000000e+00,0.000000e+00,1.679050e-04,0.000000e+00,0.000000e+00,3.240566e-03,0.000000e+00,0.000000e+00,7.165344e-03,1.043529e-02,0.000000e+00,2.098812e-05,0.000000e+00,0.000000e+00,0.000000e+00,2.137430e-02,0.000000e+00,0.000000e+00,1.783990e-03,4.407505e-04,0.000000e+00,0.000000e+00,0.000000e+00,1.133359e-04,4.827268e-04,3.110439e-03,9.864417e-04,7.975486e-05,0.000000e+00,2.799228e-01
DO_PCR_R_bc001_PCR_F_bc008_R1.fastq.gz,6.914338e-01,1.247333e-03,0.000000e+00,0.000000e+00,0.000000e+00,0.000000e+00,0.000000e+00,0.000000e+00,4.677501e-03,4.039660e-04,0.000000e+00,1.417424e-05,0.000000e+00,0.000000e+00,0.000000e+00,0.000000e+00,0.000000e+00,4.252273e-05,7.795834e-05,0.000000e+00,0.000000e+00,2.409621e-04,0.000000e+00,0.000000e+00,0.000000e+00,0.000000e+00,0.000000e+00,4.252273e-05,2.251579e-02,0.000000e+00,0.000000e+00,0.000000e+00,0.000000e+00,0.000000e+00,1.271430e-02,0.000000e+00,0.000000e+00,6.711505e-03,4.960985e-05,0.000000e+00,0.000000e+00,0.000000e+00,0.000000e+00,0.000000e+00,1.984394e-04,2.338750e-04,0.000000e+00,0.000000e+00,2.593958e-01
DO_PCR_R_bc001_PCR_F_bc009_R1.fastq.gz,0.1614116946,0.0046163010,0.0000000000,0.0000000000,0.0000000000,0.0000000000,0.0002481882,0.0000000000,0.0289486747,0.0003375360,0.0000000000,0.0003673186,0.0000000000,0.0000000000,0.0000000000,0.0000000000,0.0000000000,0.0097389060,0.0003077534,0.0002680433,0.0003077534,0.0041099970,0.0050928224,0.0000000000,0.0000000000,0.0000000000,0.0000000000,0.0352030180,0.0856944307,0.0000000000,0.0000000000,0.0000000000,0.0000000000,0.0000000000,0.0326714981,0.0000000000,0.0000000000,0.0215427380,0.0000000000,0.0000000000,0.0000000000,0.0000000000,0.0000000000,0.0518713392,0.0551275687,0.0010721731,0.0000000000,0.0000000000,0.5010622456
DO_PCR_R_bc001_PCR_F_bc010_R1.fastq.gz,1.060788e-01,3.087917e-04,0.000000e+00,0.000000e+00,8.866734e-03,0.000000e+00,1.217522e-03,4.808329e-04,3.726808e-01,6.484627e-04,0.000000e+00,1.676298e-03,1.415590e-02,0.000000e+00,0.000000e+00,0.000000e+00,1.080771e-03,7.370859e-02,1.569544e-02,5.408267e-03,3.661388e-04,2.130663e-03,0.000000e+00,0.000000e+00,5.293573e-04,0.000000e+00,0.000000e+00,1.574838e-03,4.773038e-02,1.543959e-04,0.000000e+00,5.734704e-05,3.087917e-05,0.000000e+00,4.584234e-02,0.000000e+00,0.000000e+00,8.919670e-03,2.646786e-04,0.000000e+00,7.058097e-05,0.000000e+00,4.411311e-06,8.602056e-04,1.126208e-02,4.208390e-03,0.000000e+00,0.000000e+00,2.739865e-01
DO_PCR_R_bc001_PCR_F_bc011_R1.fastq.gz,8.149642e-01,3.754944e-04,4.145068e-04,0.000000e+00,2.048151e-04,0.000000e+00,2.925930e-05,0.000000e+00,1.278144e-02,0.000000e+00,0.000000e+00,2.389510e-04,0.000000e+00,0.000000e+00,0.000000e+00,0.000000e+00,0.000000e+00,0.000000e+00,1.950620e-05,1.950620e-04,4.388895e-05,2.243213e-04,0.000000e+00,0.000000e+00,0.000000e+00,0.000000e+00,0.000000e+00,3.832968e-03,2.252966e-03,0.000000e+00,0.000000e+00,0.000000e+00,0.000000e+00,0.000000e+00,5.315440e-04,0.000000e+00,0.000000e+00,1.292286e-03,0.000000e+00,0.000000e+00,0.000000e+00,0.000000e+00,0.000000e+00,0.000000e+00,2.096917e-04,1.462965e-04,0.000000e+00,0.000000e+00,1.622428e-01
DO_PCR_R_bc001_PCR_F_bc013_R1.fastq.gz,1.690821e-02,1.793295e-03,0.000000e+00,0.000000e+00,0.000000e+00,0.000000e+00,0.000000e+00,0.000000e+00,4.879715e-04,0.000000e+00,0.000000e+00,0.000000e+00,4.879715e-05,0.000000e+00,0.000000e+00,0.000000e+00,1.219929e-04,0.000000e+00,1.219929e-04,2.067779e-03,0.000000e+00,8.356512e-04,0.000000e+00,0.000000e+00,0.000000e+00,0.000000e+00,0.000000e+00,1.219929e-05,2.307739e-01,0.000000e+00,0.000000e+00,0.000000e+00,2.683843e-04,0.000000e+00,6.709608e-05,0.000000e+00,0.000000e+00,3.659786e-05,0.000000e+00,0.000000e+00,0.000000e+00,0.000000e+00,0.000000e+00,0.000000e+00,0.000000e+00,1.158932e-03,0.000000e+00,0.000000e+00,7.452972e-01
DO_PCR_R_bc001_PCR_F_bc014_R1.fastq.gz,4.770327e-01,5.983291e-02,0.000000e+00,0.000000e+00,7.767428e-04,0.000000e+00,5.692161e-04,0.000000e+00,7.672558e-03,8.894001e-04,0.000000e+00,1.174008e-03,1.482334e-04,0.000000e+00,0.000000e+00,0.000000e+00,3.201840e-04,1.873670e-03,4.150534e-05,1.007987e-04,1.196540e-02,4.565587e-04,0.000000e+00,0.000000e+00,1.126573e-04,0.000000e+00,0.000000e+00,6.996614e-04,2.549614e-03,0.000000e+00,0.000000e+00,0.000000e+00,1.245160e-04,0.000000e+00,1.583132e-03,0.000000e+00,0.000000e+00,2.181995e-03,1.423040e-04,0.000000e+00,0.000000e+00,0.000000e+00,2.846080e-04,2.780858e-03,2.442886e-03,2.419168e-03,4.743467e-05,0.000000e+00,4.217773e-01
DO_PCR_R_bc001_PCR_F_bc015_R1.fastq.gz,7.621919e-01,2.358811e-03,0.000000e+00,0.000000e+00,3.198388e-05,0.000000e+00,3.198388e-05,3.997985e-05,2.730624e-03,6.396776e-04,0.000000e+00,2.438771e-04,0.000000e+00,1.319335e-04,0.000000e+00,0.000000e+00,8.475728e-04,3.997985e-05,5.157401e-04,1.159416e-04,0.000000e+00,1.039476e-04,0.000000e+00,0.000000e+00,0.000000e+00,1.399295e-04,0.000000e+00,1.499244e-03,2.473154e-02,0.000000e+00,0.000000e+00,0.000000e+00,0.000000e+00,0.000000e+00,2.634672e-03,0.000000e+00,0.000000e+00,4.165900e-03,7.476232e-04,0.000000e+00,0.000000e+00,0.000000e+00,0.000000e+00,2.358811e-04,1.851067e-03,2.318831e-03,0.000000e+00,0.000000e+00,1.916514e-01
DO_PCR_R_bc001_PCR_F_bc016_R1.fastq.gz,2.747000e-01,1.718549e-03,2.446700e-02,0.000000e+00,1.115941e-05,0.000000e+00,4.575357e-04,1.400506e-03,7.289882e-02,3.068837e-04,0.000000e+00,2.388113e-03,1.115941e-05,0.000000e+00,0.000000e+00,0.000000e+00,3.347822e-04,5.518327e-03,1.339129e-04,7.253614e-05,0.000000e+00,0.000000e+00,0.000000e+00,0.000000e+00,0.000000e+00,0.000000e+00,2.789852e-05,1.104781e-03,3.639640e-02,0.000000e+00,1.060144e-04,0.000000e+00,1.013274e-02,0.000000e+00,4.194821e-02,0.000000e+00,0.000000e+00,1.679491e-02,2.287678e-04,0.000000e+00,0.000000e+00,0.000000e+00,2.231881e-05,0.000000e+00,7.231295e-03,3.281981e-02,5.858688e-04,0.000000e+00,4.681817e-01
DO_PCR_R_bc001_PCR_F_bc017_R1.fastq.gz,8.023111e-01,5.200050e-03,0.000000e+00,0.000000e+00,1.863817e-04,0.000000e+00,2.112326e-04,2.485089e-05,1.246894e-02,0.000000e+00,0.000000e+00,1.503479e-03,1.863817e-05,0.000000e+00,0.000000e+00,0.000000e+00,0.000000e+00,0.000000e+00,1.018887e-03,4.970179e-04,0.000000e+00,2.547217e-04,9.319085e-05,0.000000e+00,0.000000e+00,0.000000e+00,0.000000e+00,6.666252e-03,9.232107e-03,1.863817e-05,0.000000e+00,0.000000e+00,0.000000e+00,5.591451e-05,1.491054e-03,0.000000e+00,0.000000e+00,2.503728e-03,0.000000e+00,0.000000e+00,0.000000e+00,0.000000e+00,0.000000e+00,3.044235e-04,1.957008e-03,3.106362e-04,2.485089e-05,0.000000e+00,1.536469e-01
DO_PCR_R_bc001_PCR_F_bc018_R1.fastq.gz,5.361950e-01,2.384389e-02,0.000000e+00,0.000000e+00,0.000000e+00,0.000000e+00,8.901719e-05,1.837569e-03,8.329465e-03,1.500575e-03,0.000000e+00,1.557801e-03,6.612705e-04,0.000000e+00,0.000000e+00,0.000000e+00,9.028886e-04,5.086696e-05,3.522537e-03,1.208090e-04,8.901719e-05,4.520801e-03,1.017339e-04,0.000000e+00,0.000000e+00,0.000000e+00,0.000000e+00,1.589593e-04,3.551150e-02,4.832362e-04,0.000000e+00,0.000000e+00,0.000000e+00,3.032943e-03,6.944612e-02,0.000000e+00,0.000000e+00,5.061263e-03,4.005773e-04,0.000000e+00,0.000000e+00,0.000000e+00,0.000000e+00,4.387276e-04,2.098262e-03,4.361842e-03,0.000000e+00,0.000000e+00,2.956833e-01
DO_PCR_R_bc001_PCR_F_bc020_R1.fastq.gz,6.464516e-01,1.152018e-02,2.695932e-04,0.000000e+00,1.578106e-04,0.000000e+00,9.205621e-05,1.052071e-04,4.741552e-02,8.942603e-04,0.000000e+00,2.301405e-04,0.000000e+00,0.000000e+00,0.000000e+00,0.000000e+00,8.482322e-04,2.630177e-05,4.011020e-04,0.000000e+00,0.000000e+00,1.104674e-03,0.000000e+00,0.000000e+00,0.000000e+00,0.000000e+00,0.000000e+00,2.150170e-03,3.051006e-03,0.000000e+00,0.000000e+00,0.000000e+00,0.000000e+00,0.000000e+00,1.063907e-02,0.000000e+00,0.000000e+00,1.524188e-02,0.000000e+00,0.000000e+00,0.000000e+00,0.000000e+00,0.000000e+00,1.209882e-03,6.365029e-03,2.965525e-03,7.101479e-04,0.000000e+00,2.481507e-01
DO_PCR_R_bc001_PCR_F_bc021_R1.fastq.gz,2.822323e-02,2.091390e-03,0.000000e+00,0.000000e+00,0.000000e+00,0.000000e+00,0.000000e+00,0.000000e+00,9.228783e-04,0.000000e+00,0.000000e+00,0.000000e+00,0.000000e+00,0.000000e+00,0.000000e+00,0.000000e+00,1.017622e-04,0.000000e+00,2.561601e-04,1.859793e-04,0.000000e+00,0.000000e+00,0.000000e+00,0.000000e+00,0.000000e+00,0.000000e+00,0.000000e+00,3.172175e-02,4.689730e-01,0.000000e+00,0.000000e+00,0.000000e+00,0.000000e+00,0.000000e+00,5.277600e-03,0.000000e+00,0.000000e+00,1.368527e-04,0.000000e+00,0.000000e+00,0.000000e+00,0.000000e+00,0.000000e+00,1.684341e-04,0.000000e+00,1.010604e-03,2.105426e-05,0.000000e+00,4.609093e-01
DO_PCR_R_bc001_PCR_F_bc022_R1.fastq.gz,5.676397e-01,0.000000e+00,0.000000e+00,0.000000e+00,3.030315e-03,0.000000e+00,1.264331e-04,1.631395e-05,5.530835e-02,4.160056e-04,0.000000e+00,8.401682e-04,4.637239e-03,0.000000e+00,0.000000e+00,0.000000e+00,1.117505e-03,6.484793e-04,1.362214e-02,5.913805e-04,1.872025e-03,2.267638e-03,5.302032e-05,0.000000e+00,2.814156e-04,0.000000e+00,0.000000e+00,6.199299e-04,1.268817e-02,4.078486e-05,0.000000e+00,4.078486e-06,0.000000e+00,0.000000e+00,4.098879e-02,0.000000e+00,0.000000e+00,2.499296e-02,0.000000e+00,3.670638e-05,0.000000e+00,0.000000e+00,6.264555e-03,2.602074e-03,3.372908e-03,9.600757e-03,1.064485e-03,0.000000e+00,2.452557e-01
DO_PCR_R_bc002_PCR_F_bc003_R1.fastq.gz,3.827671e-01,1.714819e-03,0.000000e+00,0.000000e+00,2.618663e-02,0.000000e+00,3.217831e-04,1.018301e-04,1.436212e-01,2.443922e-05,0.000000e+00,1.555964e-03,4.347330e-02,0.000000e+00,0.000000e+00,0.000000e+00,1.408921e-02,3.189318e-03,6.614883e-03,3.979520e-03,3.869543e-04,1.942918e-03,0.000000e+00,0.000000e+00,1.857381e-03,0.000000e+00,0.000000e+00,3.832885e-03,3.751421e-02,4.154668e-04,0.000000e+00,2.851243e-05,0.000000e+00,1.221961e-05,4.220654e-02,0.000000e+00,1.221961e-05,7.712611e-02,0.000000e+00,0.000000e+00,2.443922e-05,0.000000e+00,1.393036e-03,1.474500e-02,6.521199e-03,1.287540e-02,1.942918e-03,0.000000e+00,1.695227e-01
DO_PCR_R_bc002_PCR_F_bc006_R1.fastq.gz,4.934666e-01,5.837243e-02,0.000000e+00,0.000000e+00,4.487049e-04,0.000000e+00,1.223741e-04,0.000000e+00,1.165273e-02,2.447481e-04,0.000000e+00,7.070501e-04,0.000000e+00,0.000000e+00,0.000000e+00,0.000000e+00,0.000000e+00,2.719423e-05,1.087769e-04,1.223741e-04,0.000000e+00,4.038344e-03,5.302876e-04,0.000000e+00,0.000000e+00,0.000000e+00,0.000000e+00,9.776327e-03,2.111632e-02,0.000000e+00,0.000000e+00,0.000000e+00,2.719423e-05,0.000000e+00,2.767013e-02,0.000000e+00,0.000000e+00,6.445034e-03,0.000000e+00,1.223741e-04,0.000000e+00,0.000000e+00,0.000000e+00,1.253654e-02,4.487049e-04,1.332518e-03,0.000000e+00,0.000000e+00,3.506833e-01
DO_PCR_R_bc002_PCR_F_bc009_R1.fastq.gz,1.736831e-02,2.914104e-03,0.000000e+00,2.448827e-05,6.091458e-04,0.000000e+00,3.703851e-04,5.815965e-04,5.373339e-02,0.000000e+00,0.000000e+00,3.979344e-04,6.731214e-02,0.000000e+00,0.000000e+00,0.000000e+00,3.520189e-03,0.000000e+00,6.259814e-03,3.432031e-02,5.815965e-05,1.316245e-03,1.123399e-03,0.000000e+00,1.714179e-04,0.000000e+00,0.000000e+00,2.666161e-02,5.787007e-01,0.000000e+00,0.000000e+00,7.315871e-03,0.000000e+00,1.224414e-05,7.407702e-03,0.000000e+00,0.000000e+00,8.335195e-03,0.000000e+00,0.000000e+00,1.224414e-05,0.000000e+00,0.000000e+00,1.193803e-04,8.540285e-04,2.720953e-02,7.958688e-05,0.000000e+00,1.532109e-01
DO_PCR_R_bc002_PCR_F_bc010_R1.fastq.gz,0.3548958765,0.0177296836,0.0050622027,0.0000000000,0.0001311451,0.0000000000,0.0021735883,0.0084925036,0.0654323057,0.0000000000,0.0000000000,0.0032672248,0.0000000000,0.0000000000,0.0000000000,0.0000000000,0.0000000000,0.0003398370,0.0003706276,0.0012076758,0.0000000000,0.0021336745,0.0000000000,0.0000000000,0.0000000000,0.0000000000,0.0000000000,0.0044258636,0.1815858527,0.0000000000,0.0024746519,0.0000000000,0.0299296036,0.0000000000,0.0147258895,0.0000000000,0.0000000000,0.0024564056,0.0012715377,0.0000000000,0.0000000000,0.0000000000,0.0000000000,0.0004766841,0.0007047626,0.0036355716,0.0000000000,0.0000000000,0.2970768317
DO_PCR_R_bc002_PCR_F_bc011_R1.fastq.gz,4.664572e-02,1.842765e-04,8.916603e-06,0.000000e+00,2.434233e-03,0.000000e+00,6.746896e-04,1.786293e-03,3.972941e-02,5.052742e-05,0.000000e+00,4.755522e-05,1.197797e-02,0.000000e+00,0.000000e+00,0.000000e+00,6.657730e-04,5.052742e-05,1.995536e-02,8.751349e-02,0.000000e+00,1.035812e-02,6.241622e-05,0.000000e+00,4.874410e-04,0.000000e+00,0.000000e+00,7.995221e-04,4.180074e-01,1.307768e-04,0.000000e+00,1.099714e-04,0.000000e+00,0.000000e+00,2.931482e-02,2.972201e-05,0.000000e+00,7.424558e-03,0.000000e+00,0.000000e+00,0.000000e+00,0.000000e+00,2.972201e-06,3.358587e-04,8.797715e-04,1.410904e-02,0.000000e+00,0.000000e+00,3.062229e-01
DO_PCR_R_bc002_PCR_F_bc012_R1.fastq.gz,3.108385e-01,1.306489e-02,0.000000e+00,0.000000e+00,2.079757e-04,0.000000e+00,1.696380e-03,1.478382e-04,1.349086e-02,2.906649e-04,2.480675e-04,2.397985e-03,0.000000e+00,7.016049e-05,0.000000e+00,0.000000e+00,5.738126e-04,2.480675e-04,2.260170e-03,1.252866e-05,7.166393e-04,1.965747e-02,5.565230e-03,0.000000e+00,4.192089e-03,0.000000e+00,0.000000e+00,3.389503e-02,3.456958e-01,1.277923e-04,2.154929e-04,0.000000e+00,2.154929e-04,1.503439e-05,5.681246e-02,2.004585e-05,0.000000e+00,9.286242e-03,5.011464e-05,3.758598e-05,0.000000e+00,0.000000e+00,1.503439e-05,1.893832e-02,2.989338e-03,5.738126e-04,0.000000e+00,0.000000e+00,1.554331e-01
DO_PCR_R_bc002_PCR_F_bc013_R1.fastq.gz,7.643502e-01,5.040025e-03,1.026830e-05,0.000000e+00,1.197969e-05,0.000000e+00,8.214642e-05,4.107321e-05,1.433712e-02,3.679475e-05,0.000000e+00,0.000000e+00,7.701227e-06,0.000000e+00,0.000000e+00,0.000000e+00,0.000000e+00,0.000000e+00,2.909352e-05,2.310368e-05,1.069615e-04,9.523850e-04,2.909352e-05,0.000000e+00,0.000000e+00,0.000000e+00,0.000000e+00,5.596225e-04,1.189326e-02,0.000000e+00,0.000000e+00,0.000000e+00,3.569091e-03,0.000000e+00,1.461522e-03,0.000000e+00,0.000000e+00,3.993514e-03,2.027990e-04,0.000000e+00,0.000000e+00,0.000000e+00,0.000000e+00,6.580270e-04,1.386221e-04,1.480347e-04,0.000000e+00,0.000000e+00,1.923176e-01
DO_PCR_R_bc002_PCR_F_bc014_R1.fastq.gz,1.482825e-01,5.198640e-04,0.000000e+00,0.000000e+00,7.359888e-02,0.000000e+00,3.372185e-03,4.602529e-03,1.016577e-01,9.842758e-04,5.891792e-05,2.415635e-03,4.168963e-02,0.000000e+00,0.000000e+00,1.732880e-04,9.981389e-03,8.317824e-05,1.678468e-02,1.389770e-02,4.467365e-03,4.914794e-02,3.812336e-03,1.039728e-05,4.099994e-03,9.357552e-05,0.000000e+00,6.227971e-03,2.155564e-01,1.382838e-03,0.000000e+00,1.351646e-04,6.931520e-05,0.000000e+00,9.429986e-02,0.000000e+00,0.000000e+00,1.396008e-02,0.000000e+00,3.285541e-03,0.000000e+00,0.000000e+00,2.356717e-04,1.559592e-04,1.975483e-04,2.437816e-02,4.505488e-05,1.316989e-04,1.602048e-01
DO_PCR_R_bc002_PCR_F_bc015_R1.fastq.gz,3.724322e-01,1.377745e-02,1.581019e-03,0.000000e+00,1.512186e-02,0.000000e+00,1.634795e-03,0.000000e+00,4.580653e-02,1.333649e-03,0.000000e+00,2.409172e-03,3.083525e-02,0.000000e+00,0.000000e+00,0.000000e+00,0.000000e+00,4.086988e-04,1.365915e-03,4.872120e-03,0.000000e+00,1.613285e-04,3.226570e-04,0.000000e+00,2.559745e-02,0.000000e+00,0.000000e+00,1.040031e-02,3.933188e-02,0.000000e+00,0.000000e+00,0.000000e+00,1.613285e-04,0.000000e+00,3.462109e-02,0.000000e+00,0.000000e+00,1.387425e-03,1.398180e-03,0.000000e+00,0.000000e+00,0.000000e+00,4.302093e-05,6.990901e-04,3.043731e-03,1.097034e-03,0.000000e+00,0.000000e+00,3.901568e-01
DO_PCR_R_bc002_PCR_F_bc016_R1.fastq.gz,8.082656e-01,4.933199e-03,0.000000e+00,0.000000e+00,0.000000e+00,0.000000e+00,1.128878e-05,1.298210e-04,9.736576e-03,9.595466e-05,0.000000e+00,4.797733e-04,6.773270e-05,0.000000e+00,0.000000e+00,0.000000e+00,0.000000e+00,0.000000e+00,0.000000e+00,1.354654e-04,4.684845e-04,1.044213e-03,1.693318e-05,0.000000e+00,0.000000e+00,0.000000e+00,0.000000e+00,1.354654e-04,6.022566e-02,0.000000e+00,0.000000e+00,0.000000e+00,0.000000e+00,0.000000e+00,9.719643e-03,0.000000e+00,0.000000e+00,5.650036e-03,3.273747e-04,0.000000e+00,0.000000e+00,0.000000e+00,0.000000e+00,0.000000e+00,2.935084e-04,1.580430e-04,0.000000e+00,0.000000e+00,9.810518e-02
DO_PCR_R_bc002_PCR_F_bc017_R1.fastq.gz,0.3669438669,0.0020790021,0.0000000000,0.0000000000,0.0000000000,0.0000000000,0.0015592516,0.0000000000,0.0831600832,0.0000000000,0.0000000000,0.0025987526,0.0000000000,0.0000000000,0.0000000000,0.0000000000,0.0000000000,0.0020790021,0.0077962578,0.0223492723,0.0000000000,0.0015592516,0.0005197505,0.0000000000,0.0020790021,0.0000000000,0.0000000000,0.0051975052,0.2437629938,0.0000000000,0.0000000000,0.0000000000,0.0000000000,0.0000000000,0.0441787942,0.0000000000,0.0000000000,0.0010395010,0.0000000000,0.0000000000,0.0000000000,0.0000000000,0.0000000000,0.0000000000,0.0036382536,0.0000000000,0.0000000000,0.0000000000,0.2094594595
DO_PCR_R_bc002_PCR_F_bc018_R1.fastq.gz,8.671222e-02,2.369216e-03,0.000000e+00,0.000000e+00,2.166647e-02,0.000000e+00,1.024025e-02,1.941176e-03,2.003337e-01,1.567663e-03,0.000000e+00,5.011069e-03,1.028660e-02,0.000000e+00,0.000000e+00,0.000000e+00,1.442250e-03,5.534532e-03,3.713862e-02,2.636673e-02,5.343686e-04,4.026849e-03,7.224882e-04,0.000000e+00,4.318571e-03,0.000000e+00,0.000000e+00,1.984798e-03,1.745123e-01,1.273215e-03,0.000000e+00,6.734135e-04,1.036021e-04,2.958112e-03,4.724255e-02,0.000000e+00,0.000000e+00,7.353021e-03,3.053535e-04,3.271645e-05,6.815926e-05,0.000000e+00,3.816919e-05,1.183245e-03,2.436830e-02,4.095009e-03,0.000000e+00,0.000000e+00,3.135953e-01
DO_PCR_R_bc002_PCR_F_bc019_R1.fastq.gz,8.517047e-01,1.009857e-03,6.887884e-04,0.000000e+00,2.963711e-04,0.000000e+00,7.409278e-05,0.000000e+00,4.662356e-03,0.000000e+00,0.000000e+00,3.622313e-04,0.000000e+00,1.646506e-05,0.000000e+00,0.000000e+00,0.000000e+00,0.000000e+00,3.018595e-05,8.232531e-06,4.582775e-04,1.975807e-04,0.000000e+00,0.000000e+00,0.000000e+00,0.000000e+00,0.000000e+00,1.764506e-03,5.790213e-03,0.000000e+00,0.000000e+00,0.000000e+00,3.293012e-05,0.000000e+00,1.295251e-03,0.000000e+00,0.000000e+00,3.732081e-04,0.000000e+00,0.000000e+00,0.000000e+00,0.000000e+00,0.000000e+00,7.134860e-05,1.179996e-04,1.701390e-04,2.744177e-06,0.000000e+00,1.308725e-01
DO_PCR_R_bc002_PCR_F_bc020_R1.fastq.gz,7.496736e-01,8.836177e-03,0.000000e+00,0.000000e+00,1.622670e-04,0.000000e+00,1.902950e-03,0.000000e+00,9.072201e-03,4.056675e-04,0.000000e+00,1.327639e-03,2.950309e-05,0.000000e+00,0.000000e+00,0.000000e+00,3.828026e-03,2.389751e-03,2.308617e-03,5.163041e-05,5.067156e-03,1.475155e-03,5.605588e-04,0.000000e+00,0.000000e+00,3.687887e-05,0.000000e+00,6.490681e-04,4.181326e-02,0.000000e+00,0.000000e+00,0.000000e+00,6.712691e-02,5.900619e-05,1.902950e-03,0.000000e+00,0.000000e+00,2.134549e-02,8.482140e-04,0.000000e+00,0.000000e+00,0.000000e+00,5.900619e-05,9.514748e-04,0.000000e+00,2.286490e-04,0.000000e+00,0.000000e+00,7.788817e-02
DO_PCR_R_bc002_PCR_F_bc021_R1.fastq.gz,3.035631e-02,5.205486e-03,0.000000e+00,0.000000e+00,0.000000e+00,0.000000e+00,0.000000e+00,0.000000e+00,5.072517e-04,0.000000e+00,0.000000e+00,1.575928e-04,2.954864e-04,0.000000e+00,0.000000e+00,0.000000e+00,0.000000e+00,0.000000e+00,1.083450e-04,3.278915e-02,9.849548e-06,5.648716e-03,0.000000e+00,0.000000e+00,5.909729e-05,0.000000e+00,0.000000e+00,7.677723e-03,8.627810e-01,0.000000e+00,0.000000e+00,9.357071e-05,0.000000e+00,0.000000e+00,2.915466e-03,0.000000e+00,0.000000e+00,0.000000e+00,1.329689e-04,0.000000e+00,0.000000e+00,0.000000e+00,0.000000e+00,4.924774e-05,0.000000e+00,4.875526e-04,0.000000e+00,0.000000e+00,5.072517e-02
DO_PCR_R_bc002_PCR_F_bc022_R1.fastq.gz,7.337150e-01,7.289213e-02,3.014875e-05,0.000000e+00,1.364231e-03,0.000000e+00,7.122641e-04,0.000000e+00,4.006015e-03,9.760657e-04,0.000000e+00,5.019766e-03,1.092892e-04,0.000000e+00,0.000000e+00,0.000000e+00,2.675701e-04,4.710742e-04,9.421483e-05,1.997354e-04,1.549269e-02,1.239867e-03,7.537187e-05,0.000000e+00,0.000000e+00,1.130578e-05,0.000000e+00,1.172033e-03,8.818508e-03,0.000000e+00,0.000000e+00,0.000000e+00,5.012229e-04,0.000000e+00,8.403963e-04,0.000000e+00,0.000000e+00,3.806279e-03,9.233054e-04,0.000000e+00,0.000000e+00,0.000000e+00,2.977189e-04,4.281122e-03,3.286213e-03,5.012229e-04,0.000000e+00,0.000000e+00,1.388953e-01
DO_PCR_R_bc003_PCR_F_bc001_R1.fastq.gz,9.019505e-01,4.627076e-03,0.000000e+00,0.000000e+00,8.233231e-06,0.000000e+00,0.000000e+00,2.222972e-04,1.770145e-03,0.000000e+00,0.000000e+00,1.564314e-04,3.293292e-05,0.000000e+00,0.000000e+00,0.000000e+00,1.193818e-04,0.000000e+00,1.276151e-04,6.998246e-04,5.804428e-04,9.509382e-04,1.811311e-04,0.000000e+00,0.000000e+00,0.000000e+00,0.000000e+00,4.198948e-04,4.268107e-02,0.000000e+00,4.116615e-06,0.000000e+00,3.293292e-04,1.790728e-03,7.574572e-04,0.000000e+00,0.000000e+00,1.185585e-03,3.540289e-04,0.000000e+00,0.000000e+00,0.000000e+00,0.000000e+00,0.000000e+00,2.716966e-04,8.233231e-05,9.056554e-05,0.000000e+00,4.060630e-02
DO_PCR_R_bc003_PCR_F_bc002_R1.fastq.gz,2.610279e-01,8.098322e-03,2.925043e-02,0.000000e+00,0.000000e+00,0.000000e+00,2.372946e-04,3.074512e-03,1.471929e-01,0.000000e+00,0.000000e+00,3.463985e-03,1.676538e-05,0.000000e+00,0.000000e+00,0.000000e+00,1.308989e-04,1.774551e-03,2.514807e-04,7.447697e-04,0.000000e+00,2.572841e-04,5.803400e-06,0.000000e+00,1.766813e-04,0.000000e+00,0.000000e+00,1.398619e-03,1.455989e-01,0.000000e+00,2.707609e-03,0.000000e+00,1.175253e-02,3.765762e-04,1.654227e-02,0.000000e+00,0.000000e+00,1.665640e-02,0.000000e+00,0.000000e+00,0.000000e+00,0.000000e+00,3.030665e-05,0.000000e+00,9.864491e-03,4.262275e-03,2.598634e-04,0.000000e+00,3.348465e-01
DO_PCR_R_bc003_PCR_F_bc003_R1.fastq.gz,8.427208e-01,3.467488e-03,3.346188e-05,0.000000e+00,0.000000e+00,0.000000e+00,1.254821e-05,0.000000e+00,6.851320e-03,0.000000e+00,2.509641e-05,6.776031e-04,2.509641e-05,0.000000e+00,0.000000e+00,0.000000e+00,0.000000e+00,0.000000e+00,1.714921e-04,1.547612e-04,8.365471e-05,7.236132e-04,4.601009e-05,0.000000e+00,0.000000e+00,0.000000e+00,0.000000e+00,4.630288e-03,1.601151e-02,1.673094e-05,0.000000e+00,0.000000e+00,1.756749e-04,8.783744e-04,2.329784e-03,0.000000e+00,0.000000e+00,2.267043e-03,0.000000e+00,0.000000e+00,0.000000e+00,0.000000e+00,0.000000e+00,9.202018e-05,8.156334e-04,2.676951e-04,0.000000e+00,0.000000e+00,1.175223e-01
DO_PCR_R_bc003_PCR_F_bc004_R1.fastq.gz,5.001107e-01,1.759271e-02,0.000000e+00,0.000000e+00,4.711492e-06,0.000000e+00,4.523032e-04,5.696194e-03,1.660330e-02,1.507677e-04,0.000000e+00,3.670252e-03,1.036528e-04,0.000000e+00,0.000000e+00,0.000000e+00,2.449976e-04,0.000000e+00,2.492379e-03,3.250929e-04,1.140181e-03,4.833991e-03,7.538387e-05,0.000000e+00,4.711492e-06,0.000000e+00,0.000000e+00,2.779780e-04,1.376651e-01,4.240343e-04,0.000000e+00,0.000000e+00,2.638435e-04,1.239122e-03,2.359515e-02,0.000000e+00,0.000000e+00,3.439389e-04,3.863423e-04,0.000000e+00,0.000000e+00,0.000000e+00,0.000000e+00,4.240343e-05,4.617262e-04,1.168450e-03,4.711492e-06,0.000000e+00,2.806259e-01
DO_PCR_R_bc003_PCR_F_bc005_R1.fastq.gz,1.131306e-01,1.309035e-02,0.000000e+00,4.264221e-04,1.904015e-02,0.000000e+00,7.120444e-04,2.976909e-04,1.655403e-02,1.126398e-04,4.022850e-06,2.337276e-03,2.530373e-03,0.000000e+00,0.000000e+00,2.413710e-05,2.333253e-04,0.000000e+00,3.768606e-02,3.994690e-03,1.782122e-03,2.432617e-02,2.907917e-01,0.000000e+00,1.725803e-03,0.000000e+00,0.000000e+00,5.286025e-03,1.451163e-01,8.447985e-05,0.000000e+00,0.000000e+00,1.770054e-04,6.879073e-04,9.701505e-02,0.000000e+00,0.000000e+00,1.408802e-02,0.000000e+00,0.000000e+00,0.000000e+00,0.000000e+00,0.000000e+00,5.994046e-04,2.301070e-03,1.122375e-03,0.000000e+00,0.000000e+00,2.047228e-01
DO_PCR_R_bc003_PCR_F_bc006_R1.fastq.gz,5.812172e-01,5.364190e-03,3.113146e-04,0.000000e+00,1.963677e-04,2.394728e-05,1.221311e-04,2.227097e-04,2.063776e-02,6.106556e-04,0.000000e+00,1.216522e-03,1.436837e-05,0.000000e+00,0.000000e+00,0.000000e+00,0.000000e+00,0.000000e+00,3.759723e-04,0.000000e+00,4.310510e-05,1.463179e-03,2.394728e-06,0.000000e+00,1.915782e-05,1.436837e-05,0.000000e+00,1.487126e-03,1.130072e-02,5.986819e-05,0.000000e+00,0.000000e+00,1.460784e-04,5.795241e-04,4.669719e-03,0.000000e+00,0.000000e+00,1.663378e-02,0.000000e+00,0.000000e+00,0.000000e+00,0.000000e+00,3.831564e-05,5.747347e-04,1.341048e-03,3.584907e-03,0.000000e+00,0.000000e+00,3.477288e-01
DO_PCR_R_bc003_PCR_F_bc007_R1.fastq.gz,3.236686e-03,2.777515e-03,5.909606e-05,0.000000e+00,2.562573e-05,0.000000e+00,2.614870e-05,0.000000e+00,1.118641e-03,1.568922e-06,0.000000e+00,7.060149e-05,3.242439e-05,0.000000e+00,0.000000e+00,0.000000e+00,0.000000e+00,0.000000e+00,3.791561e-04,7.792312e-05,7.687718e-05,2.651478e-04,2.614870e-05,0.000000e+00,1.307435e-05,0.000000e+00,0.000000e+00,2.658800e-03,9.199060e-01,0.000000e+00,0.000000e+00,1.464327e-05,4.968253e-05,3.587602e-04,2.513413e-03,0.000000e+00,0.000000e+00,1.935004e-05,5.386632e-05,0.000000e+00,0.000000e+00,0.000000e+00,1.359732e-05,1.600300e-04,2.301086e-05,2.489356e-04,0.000000e+00,0.000000e+00,6.579327e-02
DO_PCR_R_bc003_PCR_F_bc008_R1.fastq.gz,3.216055e-01,6.084031e-05,7.157684e-06,0.000000e+00,7.630091e-03,0.000000e+00,2.372772e-03,2.218882e-04,5.871448e-02,3.328323e-04,0.000000e+00,1.989836e-03,1.335624e-02,0.000000e+00,4.473552e-04,0.000000e+00,1.531744e-03,1.012812e-03,1.732159e-02,5.443419e-03,7.945029e-04,5.547205e-03,5.368263e-04,0.000000e+00,1.793000e-03,0.000000e+00,0.000000e+00,1.814473e-03,4.073796e-02,0.000000e+00,0.000000e+00,7.157684e-05,1.252595e-04,8.589221e-04,3.586715e-02,0.000000e+00,0.000000e+00,2.720636e-02,0.000000e+00,0.000000e+00,0.000000e+00,0.000000e+00,3.335481e-03,1.778684e-03,1.921838e-03,1.010307e-02,6.799800e-05,2.147305e-05,4.353697e-01
DO_PCR_R_bc003_PCR_F_bc009_R1.fastq.gz,7.677064e-01,1.740487e-02,7.865620e-05,0.000000e+00,7.865620e-05,0.000000e+00,2.709269e-04,0.000000e+00,2.665571e-03,2.184895e-05,0.000000e+00,2.106238e-03,3.714321e-04,0.000000e+00,0.000000e+00,0.000000e+00,1.354635e-04,3.102550e-03,2.490780e-04,3.932810e-05,0.000000e+00,2.281030e-03,1.747916e-05,0.000000e+00,5.462236e-04,1.616822e-04,0.000000e+00,4.369789e-03,1.376921e-02,1.747916e-05,0.000000e+00,0.000000e+00,2.315988e-04,1.511947e-03,2.123717e-03,0.000000e+00,0.000000e+00,8.608484e-04,5.331143e-04,0.000000e+00,0.000000e+00,0.000000e+00,5.462236e-04,2.919019e-03,2.709269e-04,3.277342e-04,0.000000e+00,0.000000e+00,1.752810e-01
DO_PCR_R_bc003_PCR_F_bc010_R1.fastq.gz,8.212740e-01,1.542840e-03,0.000000e+00,0.000000e+00,2.995806e-04,6.740563e-05,6.103954e-04,0.000000e+00,8.313361e-03,0.000000e+00,0.000000e+00,5.242660e-05,3.744757e-05,0.000000e+00,0.000000e+00,0.000000e+00,0.000000e+00,2.246854e-05,1.872379e-05,0.000000e+00,0.000000e+00,9.511684e-04,1.497903e-05,0.000000e+00,8.612942e-05,0.000000e+00,0.000000e+00,3.183044e-03,8.414470e-03,0.000000e+00,0.000000e+00,0.000000e+00,5.205213e-04,1.419263e-03,3.744757e-04,0.000000e+00,0.000000e+00,1.804973e-03,0.000000e+00,0.000000e+00,0.000000e+00,0.000000e+00,2.246854e-05,7.115039e-05,6.815458e-04,3.819652e-04,0.000000e+00,0.000000e+00,1.498352e-01
DO_PCR_R_bc003_PCR_F_bc011_R1.fastq.gz,8.949414e-02,5.373215e-03,0.000000e+00,0.000000e+00,4.246084e-02,0.000000e+00,3.256902e-03,1.342463e-03,8.728362e-02,3.600087e-04,0.000000e+00,7.075686e-03,4.330872e-02,0.000000e+00,0.000000e+00,0.000000e+00,9.427519e-03,5.753411e-04,1.530542e-02,1.094494e-02,1.211244e-03,3.956732e-03,5.618828e-04,2.119678e-04,2.281177e-02,0.000000e+00,0.000000e+00,5.709671e-03,1.574046e-01,7.301112e-04,0.000000e+00,2.658009e-04,1.614993e-04,8.815167e-04,3.780092e-02,0.000000e+00,0.000000e+00,6.440792e-02,0.000000e+00,0.000000e+00,3.701025e-05,0.000000e+00,8.546002e-04,1.470316e-02,6.443147e-03,1.713574e-02,5.921639e-04,0.000000e+00,3.479098e-01
DO_PCR_R_bc003_PCR_F_bc012_R1.fastq.gz,6.251392e-03,1.113980e-02,1.179508e-04,0.000000e+00,5.373314e-04,0.000000e+00,1.310564e-04,2.096903e-04,2.188643e-03,0.000000e+00,0.000000e+00,6.552822e-05,2.359016e-04,0.000000e+00,0.000000e+00,0.000000e+00,3.145355e-04,1.310564e-05,2.018269e-03,3.931693e-05,0.000000e+00,1.808579e-03,2.280382e-03,0.000000e+00,2.490072e-04,0.000000e+00,0.000000e+00,3.669580e-03,8.127597e-01,0.000000e+00,0.000000e+00,0.000000e+00,2.608023e-03,1.428515e-03,5.700955e-03,0.000000e+00,0.000000e+00,2.359016e-04,6.552822e-04,0.000000e+00,0.000000e+00,0.000000e+00,0.000000e+00,3.931693e-05,0.000000e+00,1.389198e-03,0.000000e+00,0.000000e+00,1.439131e-01
DO_PCR_R_bc003_PCR_F_bc013_R1.fastq.gz,6.263563e-03,8.144888e-03,0.000000e+00,0.000000e+00,1.443059e-03,9.400357e-05,8.531347e-04,2.151637e-04,2.443132e-02,0.000000e+00,0.000000e+00,6.584428e-04,3.133452e-04,7.186051e-05,0.000000e+00,0.000000e+00,1.278449e-04,1.255470e-03,9.350222e-04,3.684940e-04,6.016229e-05,2.621655e-03,1.832025e-03,0.000000e+00,1.065374e-04,3.342349e-06,0.000000e+00,3.758472e-03,4.747406e-01,1.675353e-04,0.000000e+00,6.642919e-05,6.464647e-02,6.479980e-04,4.482090e-03,0.000000e+00,0.000000e+00,1.732173e-03,2.989314e-03,0.000000e+00,0.000000e+00,0.000000e+00,0.000000e+00,2.502584e-04,1.804869e-04,8.101019e-04,0.000000e+00,0.000000e+00,3.957287e-01
DO_PCR_R_bc003_PCR_F_bc014_R1.fastq.gz,1.072448e-01,8.036132e-02,2.548092e-04,1.377347e-05,5.073229e-04,0.000000e+00,6.932648e-04,6.980855e-03,1.046325e-02,0.000000e+00,0.000000e+00,1.154676e-02,6.749001e-04,0.000000e+00,0.000000e+00,0.000000e+00,1.124834e-04,1.836463e-05,1.332354e-02,4.116891e-02,8.700243e-04,9.253478e-03,1.560994e-04,0.000000e+00,2.662871e-04,0.000000e+00,0.000000e+00,2.111932e-04,1.843878e-01,9.641431e-05,0.000000e+00,5.050273e-05,1.400303e-04,7.001515e-04,1.799275e-02,0.000000e+00,0.000000e+00,5.371654e-04,3.190854e-04,0.000000e+00,0.000000e+00,0.000000e+00,0.000000e+00,6.783435e-03,3.192920e-02,4.912538e-03,0.000000e+00,0.000000e+00,4.680295e-01
DO_PCR_R_bc003_PCR_F_bc015_R1.fastq.gz,3.961374e-01,4.324434e-02,0.000000e+00,1.888780e-05,8.049108e-04,0.000000e+00,1.059896e-03,1.779812e-04,1.156587e-02,2.419091e-04,2.295594e-04,9.531074e-04,0.000000e+00,1.670844e-05,0.000000e+00,7.191893e-05,1.409320e-04,7.990992e-06,1.523374e-03,5.230467e-04,5.012531e-04,1.215503e-02,2.258545e-03,0.000000e+00,1.959972e-03,4.358723e-06,0.000000e+00,1.069485e-02,2.077919e-01,0.000000e+00,1.852457e-04,0.000000e+00,7.845701e-05,3.225455e-04,3.399731e-02,0.000000e+00,0.000000e+00,6.121100e-03,0.000000e+00,1.126003e-04,0.000000e+00,8.644800e-05,0.000000e+00,6.977589e-03,1.795794e-03,3.167339e-04,0.000000e+00,0.000000e+00,2.579223e-01
DO_PCR_R_bc003_PCR_F_bc016_R1.fastq.gz,9.397473e-01,6.796244e-03,0.000000e+00,0.000000e+00,0.000000e+00,0.000000e+00,1.606818e-04,6.040444e-04,1.246771e-03,0.000000e+00,0.000000e+00,5.653618e-05,0.000000e+00,2.678029e-05,0.000000e+00,0.000000e+00,0.000000e+00,0.000000e+00,3.898021e-04,8.034088e-05,1.520526e-03,5.980932e-04,5.951177e-06,0.000000e+00,0.000000e+00,0.000000e+00,0.000000e+00,5.653618e-05,2.820858e-02,0.000000e+00,0.000000e+00,0.000000e+00,1.339015e-04,8.063844e-04,5.832153e-04,0.000000e+00,0.000000e+00,4.284847e-04,2.410227e-04,0.000000e+00,0.000000e+00,0.000000e+00,6.546294e-05,9.819441e-05,5.653618e-05,3.570706e-05,8.926765e-06,0.000000e+00,1.804397e-02
DO_PCR_R_bc003_PCR_F_bc017_R1.fastq.gz,0.168514412,0.000000000,0.000000000,0.000000000,0.000000000,0.000000000,0.000000000,0.000000000,0.017738359,0.000000000,0.000000000,0.000000000,0.000000000,0.000000000,0.000000000,0.000000000,0.000000000,0.000000000,0.000000000,0.000000000,0.000000000,0.052106430,0.002586844,0.000000000,0.000000000,0.000000000,0.000000000,0.001108647,0.351441242,0.000000000,0.000000000,0.000000000,0.018107908,0.086474501,0.127124908,0.000000000,0.000000000,0.000000000,0.000000000,0.000000000,0.000000000,0.000000000,0.000000000,0.000000000,0.000000000,0.000000000,0.000000000,0.000000000,0.174796748
DO_PCR_R_bc003_PCR_F_bc018_R1.fastq.gz,4.303137e-04,8.165345e-06,0.000000e+00,0.000000e+00,0.000000e+00,0.000000e+00,0.000000e+00,0.000000e+00,6.981370e-05,0.000000e+00,0.000000e+00,0.000000e+00,0.000000e+00,0.000000e+00,0.000000e+00,0.000000e+00,0.000000e+00,0.000000e+00,0.000000e+00,3.266138e-06,0.000000e+00,3.540253e-01,8.573612e-06,0.000000e+00,0.000000e+00,0.000000e+00,0.000000e+00,4.899207e-06,8.638935e-04,0.000000e+00,0.000000e+00,0.000000e+00,6.042355e-05,6.438309e-01,1.183975e-05,0.000000e+00,0.000000e+00,1.633069e-06,0.000000e+00,0.000000e+00,0.000000e+00,0.000000e+00,0.000000e+00,0.000000e+00,0.000000e+00,0.000000e+00,0.000000e+00,0.000000e+00,6.809898e-04
DO_PCR_R_bc003_PCR_F_bc019_R1.fastq.gz,0.3669941061,0.0000000000,0.0000000000,0.0000000000,0.0000000000,0.0000000000,0.0000000000,0.0000000000,0.0055009823,0.0000000000,0.0000000000,0.0000000000,0.0000000000,0.0000000000,0.0000000000,0.0000000000,0.0000000000,0.0000000000,0.0000000000,0.0000000000,0.0000000000,0.0322200393,0.0000000000,0.0000000000,0.0000000000,0.0000000000,0.0000000000,0.0051080550,0.3359528487,0.0000000000,0.0000000000,0.0000000000,0.0141453831,0.0734774067,0.0027504912,0.0000000000,0.0000000000,0.0031434185,0.0000000000,0.0000000000,0.0000000000,0.0000000000,0.0000000000,0.0000000000,0.0000000000,0.0000000000,0.0003929273,0.0000000000,0.1603143418
