Endophytic_interaction_capability_template,,foliar_endophyte,moss-associated,no_endophytic_capacity,root-associated,root_endophyte,root_endophyte_dark_septate,NA
DO_PCR_R_bc001_PCR_F_bc001_R1.fastq.gz,4.260918e-01,8.895566e-02,2.953984e-04,2.675393e-02,1.699559e-02,2.546538e-05,9.218467e-04,4.399603e-01
DO_PCR_R_bc001_PCR_F_bc002_R1.fastq.gz,0.279808256,0.025328644,0.000000000,0.015127411,0.006391471,0.038048787,0.026800915,0.608494516
DO_PCR_R_bc001_PCR_F_bc003_R1.fastq.gz,0.218879043,0.427210764,0.000409068,0.125661281,0.002023228,0.005699313,0.001498074,0.218619230
DO_PCR_R_bc001_PCR_F_bc004_R1.fastq.gz,0.402673557,0.055844168,0.000000000,0.020294476,0.044070623,0.015612545,0.005323291,0.456181340
DO_PCR_R_bc001_PCR_F_bc006_R1.fastq.gz,0.4395486754,0.1822347590,0.0001869191,0.0364888670,0.0089154729,0.0253926716,0.0098387398,0.2973938951
DO_PCR_R_bc001_PCR_F_bc007_R1.fastq.gz,0.1707719431,0.0174663141,0.0000000000,0.0064979222,0.0071653444,0.5180162028,0.0001595097,0.2799227637
DO_PCR_R_bc001_PCR_F_bc008_R1.fastq.gz,0.702270005,0.010247978,0.000000000,0.011481138,0.001381989,0.014075024,0.001148114,0.259395752
DO_PCR_R_bc001_PCR_F_bc009_R1.fastq.gz,0.352238658,0.077524074,0.000000000,0.004755286,0.048843443,0.007713690,0.007862603,0.501062246
DO_PCR_R_bc001_PCR_F_bc010_R1.fastq.gz,0.199558869,0.370664785,0.000000000,0.078653668,0.001574838,0.071577926,0.003983413,0.273986501
DO_PCR_R_bc001_PCR_F_bc011_R1.fastq.gz,0.8219815374,0.0094263714,0.0000000000,0.0007509887,0.0038329684,0.0015263602,0.0002389510,0.1622428229
DO_PCR_R_bc001_PCR_F_bc013_R1.fastq.gz,2.488045e-01,5.446982e-03,0.000000e+00,6.099644e-05,1.219929e-05,1.097936e-04,2.683843e-04,7.452972e-01
DO_PCR_R_bc001_PCR_F_bc014_R1.fastq.gz,0.5589524052,0.0078326505,0.0000000000,0.0024843910,0.0006996614,0.0078326505,0.0004209827,0.4217772586
DO_PCR_R_bc001_PCR_F_bc015_R1.fastq.gz,0.7747095464,0.0096431399,0.0000000000,0.0022628595,0.0016231819,0.0194621911,0.0006476736,0.1916514077
DO_PCR_R_bc001_PCR_F_bc016_R1.fastq.gz,0.230307832,0.073696721,0.000000000,0.005618761,0.001104781,0.208089454,0.013000709,0.468181742
DO_PCR_R_bc001_PCR_F_bc017_R1.fastq.gz,0.8224838469,0.0065357853,0.0000000000,0.0006336978,0.0066662525,0.0085300696,0.0015034791,0.1536468688
DO_PCR_R_bc001_PCR_F_bc018_R1.fastq.gz,0.5871955135,0.0250011127,0.0000000000,0.0729432261,0.0048768702,0.0140265653,0.0002734099,0.2956833023
DO_PCR_R_bc001_PCR_F_bc020_R1.fastq.gz,6.395145e-01,5.224847e-02,0.000000e+00,1.157278e-03,2.150170e-03,5.677238e-02,6.575443e-06,2.481507e-01
DO_PCR_R_bc001_PCR_F_bc021_R1.fastq.gz,0.4782334075,0.0023721129,0.0000000000,0.0005368835,0.0317217469,0.0260932423,0.0001333436,0.4609092632
DO_PCR_R_bc001_PCR_F_bc022_R1.fastq.gz,0.5981304218,0.0589300499,0.0003833777,0.0500430280,0.0006199299,0.0433869382,0.0032505537,0.2452557007
DO_PCR_R_bc002_PCR_F_bc003_R1.fastq.gz,0.232217411,0.100864741,0.000000000,0.146228010,0.003975447,0.342890427,0.004301303,0.169522661
DO_PCR_R_bc002_PCR_F_bc006_R1.fastq.gz,0.318675641,0.026731933,0.000000000,0.006281868,0.008606975,0.287347882,0.001672445,0.350683255
DO_PCR_R_bc002_PCR_F_bc009_R1.fastq.gz,6.769017e-01,1.238800e-01,3.214086e-04,1.828049e-02,2.666161e-02,3.061034e-05,7.132209e-04,1.532109e-01
DO_PCR_R_bc002_PCR_F_bc010_R1.fastq.gz,0.596394535,0.049253556,0.000000000,0.007104646,0.004423583,0.015508199,0.030238650,0.297076832
DO_PCR_R_bc002_PCR_F_bc011_R1.fastq.gz,0.1288805799,0.5278064265,0.0003031645,0.0352711093,0.0008114109,0.0003150533,0.0003893583,0.3062228972
DO_PCR_R_bc002_PCR_F_bc012_R1.fastq.gz,0.580289913,0.187085458,0.000000000,0.028342333,0.033662002,0.010421339,0.004765902,0.155433053
DO_PCR_R_bc002_PCR_F_bc013_R1.fastq.gz,0.7750591497,0.0201395633,0.0000000000,0.0011021311,0.0005348074,0.0072528441,0.0035939058,0.1923175986
DO_PCR_R_bc002_PCR_F_bc014_R1.fastq.gz,0.554895906,0.179127807,0.000100507,0.080287797,0.006619602,0.006560684,0.012202941,0.160204757
DO_PCR_R_bc002_PCR_F_bc015_R1.fastq.gz,0.4802533933,0.0412463163,0.0000000000,0.0216825486,0.0104003098,0.0560562714,0.0002043494,0.3901568113
DO_PCR_R_bc002_PCR_F_bc016_R1.fastq.gz,0.8263277021,0.0344985240,0.0000000000,0.0090253828,0.0051081748,0.0262407785,0.0006942602,0.0981051776
DO_PCR_R_bc002_PCR_F_bc017_R1.fastq.gz,0.536382536,0.208939709,0.000000000,0.037422037,0.005197505,0.000000000,0.002598753,0.209459459
DO_PCR_R_bc002_PCR_F_bc018_R1.fastq.gz,0.260311133,0.331311275,0.002246529,0.074100025,0.001982071,0.009405978,0.007047668,0.313595319
DO_PCR_R_bc002_PCR_F_bc019_R1.fastq.gz,0.8587380079,0.0045333802,0.0000000000,0.0011690193,0.0017398081,0.0026783166,0.0002689293,0.1308725385
DO_PCR_R_bc002_PCR_F_bc020_R1.fastq.gz,0.7729294360,0.0195457999,0.0000000000,0.0036362564,0.0006490681,0.0567860804,0.0685651908,0.0778881685
DO_PCR_R_bc002_PCR_F_bc021_R1.fastq.gz,0.8942109281,0.0472236586,0.0000000000,0.0001625175,0.0076777228,0.0000000000,0.0000000000,0.0507251730
DO_PCR_R_bc002_PCR_F_bc022_R1.fastq.gz,0.8323767387,0.0187826690,0.0000000000,0.0011908755,0.0011720325,0.0069718976,0.0006105121,0.1388952746
DO_PCR_R_bc003_PCR_F_bc001_R1.fastq.gz,0.9154776509,0.0127038754,0.0000000000,0.0007327576,0.0007245243,0.0292156201,0.0005392766,0.0406062951
DO_PCR_R_bc003_PCR_F_bc002_R1.fastq.gz,0.433113556,0.189158604,0.000000000,0.005166961,0.001387657,0.022221864,0.014104842,0.334846516
DO_PCR_R_bc003_PCR_F_bc003_R1.fastq.gz,0.858820134,0.005282795,0.000000000,0.002154109,0.004563364,0.010636696,0.001020587,0.117522315
DO_PCR_R_bc003_PCR_F_bc004_R1.fastq.gz,0.5503446456,0.0828845637,0.0000000000,0.0231993856,0.0145113947,0.0479394291,0.0004947066,0.2806258746
DO_PCR_R_bc003_PCR_F_bc005_R1.fastq.gz,0.272423365,0.440304932,0.000000000,0.059682999,0.005322230,0.011505350,0.006038298,0.204722826
DO_PCR_R_bc003_PCR_F_bc006_R1.fastq.gz,0.6177583432,0.0263970842,0.0000000000,0.0018678877,0.0014535998,0.0043488256,0.0004454194,0.3477288402
DO_PCR_R_bc003_PCR_F_bc007_R1.fastq.gz,9.250458e-01,5.320214e-03,6.275688e-06,6.762054e-04,2.658800e-03,3.655588e-04,1.338813e-04,6.579327e-02
DO_PCR_R_bc003_PCR_F_bc008_R1.fastq.gz,0.4114558729,0.0819519004,0.0002433612,0.0567747477,0.0018144728,0.0088862644,0.0035036862,0.4353696944
DO_PCR_R_bc003_PCR_F_bc009_R1.fastq.gz,0.8044519411,0.0067862824,0.0000000000,0.0025738057,0.0042168464,0.0059298037,0.0007603433,0.1752809774
DO_PCR_R_bc003_PCR_F_bc010_R1.fastq.gz,0.8342458059,0.0090810365,0.0000000000,0.0004044338,0.0030295087,0.0027299281,0.0006740563,0.1498352307
DO_PCR_R_bc003_PCR_F_bc011_R1.fastq.gz,0.332284710,0.221253974,0.000000000,0.072849621,0.005591912,0.007920192,0.012189829,0.347909762
DO_PCR_R_bc003_PCR_F_bc012_R1.fastq.gz,0.8259570397,0.0150452800,0.0000000000,0.0008387613,0.0036695805,0.0079027037,0.0026735515,0.1439130834
DO_PCR_R_bc003_PCR_F_bc013_R1.fastq.gz,0.508619083,0.016716342,0.000000000,0.001813225,0.003758472,0.007953956,0.065410194,0.395728728
DO_PCR_R_bc003_PCR_F_bc014_R1.fastq.gz,0.2416211377,0.2040218539,0.0000000000,0.0161471007,0.0024562692,0.0671204261,0.0006037372,0.4680294752
DO_PCR_R_bc003_PCR_F_bc015_R1.fastq.gz,0.501241510,0.194863245,0.000000000,0.016863899,0.006258400,0.016340126,0.006510479,0.257922342
DO_PCR_R_bc003_PCR_F_bc016_R1.fastq.gz,0.9481354964,0.0087214492,0.0000000000,0.0006873609,0.0002529250,0.0239445588,0.0002142424,0.0180439673
DO_PCR_R_bc003_PCR_F_bc017_R1.fastq.gz,0.7172949002,0.0883222469,0.0000000000,0.0000000000,0.0011086475,0.0003695492,0.0181079084,0.1747967480
DO_PCR_R_bc003_PCR_F_bc018_R1.fastq.gz,6.450774e-01,3.541657e-01,0.000000e+00,9.798414e-06,0.000000e+00,8.165345e-07,6.532276e-05,6.809898e-04
DO_PCR_R_bc003_PCR_F_bc019_R1.fastq.gz,0.718664047,0.100589391,0.000000000,0.000000000,0.000000000,0.001178782,0.019253438,0.160314342
