Fruitbody_type_template,,None,agaricoid,apothecium_(hymenium_on_surface),chasmothecium_(tiny_initially_closed_ascome_rupture_opening)_,clavarioid,"cleistothecium_(closed,_spherical)",corticioid,gasteroid,gasteroid-hypogeous,hysterothecium_(opening_slith-like),none,other,"perithecium_(hymenium_hidden,_narrow_opening)",polyporoid,smut,"thyrothecium_(tiny_flattened_disc,_aperture_in_the_middle)",tremelloid,zoosporangium,zygosporangium,NA
DO_PCR_R_bc001_PCR_F_bc001_R1.fastq.gz,5.196975e-02,8.148922e-05,2.925310e-01,8.820698e-02,0.000000e+00,1.476992e-04,2.490514e-03,3.035473e-03,0.000000e+00,4.074461e-05,0.000000e+00,3.322723e-02,4.074461e-05,8.366396e-02,0.000000e+00,1.171407e-04,4.487000e-03,0.000000e+00,0.000000e+00,0.000000e+00,4.399603e-01
DO_PCR_R_bc001_PCR_F_bc002_R1.fastq.gz,8.697563e-02,5.156438e-03,1.195470e-01,1.485528e-02,0.000000e+00,9.768623e-05,5.951883e-03,3.335287e-03,8.373106e-05,1.123392e-03,0.000000e+00,8.100980e-02,2.428201e-03,7.015267e-02,0.000000e+00,0.000000e+00,1.255966e-04,0.000000e+00,6.628709e-04,0.000000e+00,6.084945e-01
DO_PCR_R_bc001_PCR_F_bc003_R1.fastq.gz,3.348941e-01,0.000000e+00,1.194036e-03,1.080714e-01,0.000000e+00,1.326707e-04,1.850204e-02,6.522977e-04,0.000000e+00,0.000000e+00,0.000000e+00,6.690474e-02,8.844714e-05,2.492606e-01,0.000000e+00,4.035401e-04,8.236640e-04,0.000000e+00,4.532916e-04,0.000000e+00,2.186192e-01
DO_PCR_R_bc001_PCR_F_bc004_R1.fastq.gz,0.043044446,0.019304949,0.001209423,0.096607203,0.000000000,0.004269628,0.001475129,0.002006542,0.002620415,0.032691057,0.000000000,0.269160642,0.003179315,0.064484209,0.000000000,0.000000000,0.000000000,0.000000000,0.003765702,0.000000000,0.456181340
DO_PCR_R_bc001_PCR_F_bc006_R1.fastq.gz,1.065948e-01,5.194084e-03,5.379304e-02,4.738115e-02,1.472696e-04,1.812548e-03,2.717690e-02,3.016194e-02,0.000000e+00,1.869191e-04,0.000000e+00,1.764629e-01,4.671844e-02,1.996805e-01,5.097793e-05,2.152401e-04,6.287278e-04,0.000000e+00,1.693600e-03,4.706962e-03,2.973939e-01
DO_PCR_R_bc001_PCR_F_bc007_R1.fastq.gz,1.801620e-02,9.990345e-04,3.912186e-02,1.920833e-02,2.098812e-05,6.309029e-03,5.792721e-04,1.015825e-03,2.938337e-05,2.941275e-02,0.000000e+00,5.586492e-01,0.000000e+00,4.143475e-02,0.000000e+00,0.000000e+00,0.000000e+00,1.259287e-05,5.268018e-03,0.000000e+00,2.799228e-01
DO_PCR_R_bc001_PCR_F_bc008_R1.fastq.gz,1.952502e-02,1.458104e-01,3.933282e-01,3.435128e-02,0.000000e+00,4.595999e-02,3.543561e-05,2.939738e-02,3.294803e-02,1.256547e-02,0.000000e+00,2.048178e-03,2.147398e-03,2.200551e-02,0.000000e+00,0.000000e+00,0.000000e+00,7.795834e-05,4.039660e-04,0.000000e+00,2.593958e-01
DO_PCR_R_bc001_PCR_F_bc009_R1.fastq.gz,3.318773e-02,3.668222e-02,1.954730e-02,6.012112e-02,0.000000e+00,7.157748e-03,1.687680e-04,1.530825e-02,7.644197e-04,7.172640e-02,0.000000e+00,1.507892e-01,7.842748e-04,1.023032e-01,0.000000e+00,0.000000e+00,0.000000e+00,0.000000e+00,3.375360e-04,5.956517e-05,5.010622e-01
DO_PCR_R_bc001_PCR_F_bc010_R1.fastq.gz,1.169659e-01,3.264370e-04,4.267943e-02,1.024747e-02,0.000000e+00,3.264370e-04,5.884688e-03,7.522167e-02,2.646786e-05,1.730998e-02,0.000000e+00,3.829547e-01,7.411002e-04,7.058538e-02,0.000000e+00,0.000000e+00,1.235167e-03,0.000000e+00,1.177820e-03,3.308483e-04,2.739865e-01
DO_PCR_R_bc001_PCR_F_bc011_R1.fastq.gz,0.0042621048,0.0203839796,0.0272452856,0.0709976934,0.0000000000,0.2245114916,0.0006193219,0.1854698312,0.0000000000,0.2811916338,0.0000000000,0.0046717350,0.0000000000,0.0184041002,0.0000000000,0.0000000000,0.0000000000,0.0000000000,0.0000000000,0.0000000000,0.1622428229
DO_PCR_R_bc001_PCR_F_bc013_R1.fastq.gz,3.635388e-03,3.720783e-04,2.298529e-01,2.476455e-03,0.000000e+00,5.855658e-04,3.787879e-03,5.977651e-04,0.000000e+00,2.439858e-04,0.000000e+00,7.624555e-04,0.000000e+00,1.238228e-02,0.000000e+00,0.000000e+00,6.099644e-06,0.000000e+00,0.000000e+00,0.000000e+00,7.452972e-01
DO_PCR_R_bc001_PCR_F_bc014_R1.fastq.gz,1.969725e-02,1.526092e-01,9.990928e-03,9.676673e-03,0.000000e+00,2.758623e-01,2.964667e-05,9.955352e-03,5.929334e-05,5.775172e-03,0.000000e+00,8.066266e-02,2.312440e-04,1.231523e-02,1.541627e-04,0.000000e+00,2.015974e-04,0.000000e+00,1.002057e-03,0.000000e+00,4.217773e-01
DO_PCR_R_bc001_PCR_F_bc015_R1.fastq.gz,2.639470e-02,3.849660e-02,4.315905e-01,2.794592e-03,0.000000e+00,1.132709e-01,8.395769e-05,8.527702e-03,1.556855e-01,7.624157e-03,0.000000e+00,8.191871e-03,7.316313e-04,1.412888e-02,0.000000e+00,1.199396e-05,3.598187e-05,0.000000e+00,7.796071e-04,0.000000e+00,1.916514e-01
DO_PCR_R_bc001_PCR_F_bc016_R1.fastq.gz,7.114680e-02,1.427846e-02,1.202426e-02,4.421357e-02,1.221955e-03,9.485496e-05,2.484642e-02,5.590863e-03,0.000000e+00,2.031012e-03,0.000000e+00,2.301795e-01,1.456303e-03,1.244274e-01,0.000000e+00,0.000000e+00,0.000000e+00,0.000000e+00,3.068837e-04,0.000000e+00,4.681817e-01
DO_PCR_R_bc001_PCR_F_bc017_R1.fastq.gz,0.0174950298,0.0991302187,0.1262052684,0.2010002485,0.0000000000,0.3116488569,0.0001863817,0.0238195825,0.0012114811,0.0386742048,0.0000000000,0.0151093439,0.0000000000,0.0118725149,0.0000000000,0.0000000000,0.0000000000,0.0000000000,0.0000000000,0.0000000000,0.1536468688
DO_PCR_R_bc001_PCR_F_bc018_R1.fastq.gz,0.0368721904,0.0729050759,0.1761777292,0.0023017301,0.0000000000,0.0018248523,0.0016468180,0.0611420905,0.1288015107,0.0977599461,0.0000000000,0.0362045615,0.0005404615,0.0866391561,0.0000000000,0.0000000000,0.0000000000,0.0000000000,0.0015005754,0.0000000000,0.2956833023
DO_PCR_R_bc001_PCR_F_bc020_R1.fastq.gz,9.850014e-03,1.586654e-02,1.710930e-02,2.147474e-01,0.000000e+00,2.807714e-02,9.402884e-04,2.829348e-01,6.575443e-05,4.069542e-02,0.000000e+00,8.360676e-02,3.287722e-04,5.653566e-02,0.000000e+00,0.000000e+00,1.643861e-04,0.000000e+00,8.942603e-04,3.287722e-05,2.481507e-01
DO_PCR_R_bc001_PCR_F_bc021_R1.fastq.gz,1.796630e-03,0.000000e+00,4.678642e-01,3.649405e-04,0.000000e+00,1.052713e-05,1.789612e-04,4.561756e-05,0.000000e+00,1.754521e-05,0.000000e+00,6.072399e-02,5.253037e-03,2.835307e-03,0.000000e+00,0.000000e+00,0.000000e+00,0.000000e+00,0.000000e+00,0.000000e+00,4.609093e-01
DO_PCR_R_bc001_PCR_F_bc022_R1.fastq.gz,1.168242e-01,4.527120e-04,5.656861e-03,1.508714e-01,0.000000e+00,1.509040e-04,1.492726e-03,2.762236e-01,0.000000e+00,6.663431e-02,0.000000e+00,7.054150e-02,1.631395e-05,6.494990e-02,0.000000e+00,0.000000e+00,1.876104e-04,0.000000e+00,6.974212e-04,4.486335e-05,2.452557e-01
DO_PCR_R_bc002_PCR_F_bc003_R1.fastq.gz,8.506478e-02,5.621021e-04,4.375843e-02,5.149344e-02,0.000000e+00,2.712754e-03,9.111756e-03,2.424371e-02,0.000000e+00,2.249223e-02,4.073204e-06,3.911253e-01,1.456578e-02,9.970795e-02,0.000000e+00,0.000000e+00,8.230723e-02,1.445987e-03,1.881820e-03,0.000000e+00,1.695227e-01
DO_PCR_R_bc002_PCR_F_bc006_R1.fastq.gz,0.0217825821,0.0028553947,0.0042151064,0.0251410701,0.0000000000,0.0026650350,0.0018628051,0.0028689918,0.0005710789,0.1739479230,0.0000000000,0.3924400027,0.0004623020,0.0200421511,0.0000000000,0.0000000000,0.0000000000,0.0000000000,0.0002447481,0.0002175539,0.3506832551
DO_PCR_R_bc002_PCR_F_bc009_R1.fastq.gz,6.421743e-02,4.040565e-04,5.532023e-01,1.090004e-01,0.000000e+00,4.499720e-04,7.092416e-03,1.894780e-03,0.000000e+00,3.122255e-04,0.000000e+00,3.633141e-02,0.000000e+00,7.018645e-02,2.877372e-04,2.510048e-04,2.981447e-03,6.122068e-06,1.714179e-04,0.000000e+00,1.532109e-01
DO_PCR_R_bc002_PCR_F_bc010_R1.fastq.gz,8.825612e-02,1.125453e-02,4.420127e-01,2.083041e-02,0.000000e+00,3.136080e-04,7.536855e-03,3.873914e-03,3.421178e-06,8.712599e-04,0.000000e+00,6.267598e-02,5.234402e-04,6.477088e-02,0.000000e+00,0.000000e+00,0.000000e+00,0.000000e+00,0.000000e+00,0.000000e+00,2.970768e-01
DO_PCR_R_bc002_PCR_F_bc011_R1.fastq.gz,4.639784e-01,2.288595e-04,1.872487e-03,1.012361e-01,0.000000e+00,2.704703e-04,2.366169e-02,6.746896e-04,2.972201e-05,7.846611e-04,0.000000e+00,3.500956e-02,5.052742e-05,6.512092e-02,6.538842e-05,1.159158e-04,1.396934e-04,0.000000e+00,5.379684e-04,0.000000e+00,3.062229e-01
DO_PCR_R_bc002_PCR_F_bc012_R1.fastq.gz,2.048987e-01,5.606826e-02,4.034228e-03,4.255735e-02,0.000000e+00,2.559355e-02,3.420324e-03,7.918113e-04,1.857750e-02,9.015874e-02,0.000000e+00,3.398950e-01,3.808712e-04,5.340717e-02,4.760891e-05,0.000000e+00,0.000000e+00,5.011464e-06,4.730822e-03,0.000000e+00,1.554331e-01
DO_PCR_R_bc002_PCR_F_bc013_R1.fastq.gz,1.829469e-02,6.235084e-02,4.170300e-02,2.314390e-02,0.000000e+00,9.250713e-02,3.337198e-05,4.227734e-01,1.103842e-04,1.200741e-01,0.000000e+00,5.465304e-03,2.250470e-04,2.095418e-02,0.000000e+00,0.000000e+00,1.026830e-05,0.000000e+00,3.679475e-05,0.000000e+00,1.923176e-01
DO_PCR_R_bc002_PCR_F_bc014_R1.fastq.gz,1.278450e-01,5.690778e-03,6.473347e-02,3.689648e-02,0.000000e+00,3.448431e-03,4.771658e-02,1.591477e-02,7.416726e-04,7.035493e-04,0.000000e+00,1.658505e-01,9.691998e-02,2.663471e-01,3.812336e-05,3.361787e-04,2.772608e-04,1.732880e-05,5.420449e-03,8.976318e-04,1.602048e-01
DO_PCR_R_bc002_PCR_F_bc015_R1.fastq.gz,4.797909e-02,4.388135e-03,1.033255e-01,7.256555e-02,0.000000e+00,3.799824e-02,2.731829e-03,9.658199e-03,3.226570e-04,1.200822e-01,0.000000e+00,1.169847e-01,1.720837e-04,6.666093e-02,0.000000e+00,0.000000e+00,4.302093e-05,0.000000e+00,2.693110e-02,0.000000e+00,3.901568e-01
DO_PCR_R_bc002_PCR_F_bc016_R1.fastq.gz,5.701400e-02,1.328464e-01,5.161909e-01,1.321352e-02,0.000000e+00,4.289173e-02,9.539023e-04,2.633109e-02,7.753701e-02,1.012604e-02,0.000000e+00,5.130752e-03,6.829714e-04,1.888049e-02,0.000000e+00,0.000000e+00,0.000000e+00,0.000000e+00,9.595466e-05,0.000000e+00,9.810518e-02
DO_PCR_R_bc002_PCR_F_bc017_R1.fastq.gz,0.173596674,0.048856549,0.084199584,0.050415800,0.000000000,0.051975052,0.000000000,0.086798337,0.001559252,0.060810811,0.000000000,0.202182952,0.000000000,0.025987526,0.000000000,0.000000000,0.002079002,0.000000000,0.002079002,0.000000000,0.209459459
DO_PCR_R_bc002_PCR_F_bc018_R1.fastq.gz,2.845268e-01,1.423165e-03,6.746404e-02,3.461673e-02,0.000000e+00,5.152840e-04,9.457779e-03,8.596246e-03,5.316423e-04,2.355857e-02,2.453733e-05,1.316046e-01,6.325180e-04,1.166968e-01,0.000000e+00,0.000000e+00,8.615331e-04,0.000000e+00,5.886234e-03,8.179112e-06,3.135953e-01
DO_PCR_R_bc002_PCR_F_bc019_R1.fastq.gz,9.217690e-03,5.248787e-02,1.423459e-01,4.296009e-02,0.000000e+00,3.246636e-01,9.220434e-04,1.111282e-01,2.744177e-06,1.743979e-01,0.000000e+00,3.120129e-03,0.000000e+00,7.881276e-03,0.000000e+00,0.000000e+00,0.000000e+00,0.000000e+00,0.000000e+00,0.000000e+00,1.308725e-01
DO_PCR_R_bc002_PCR_F_bc020_R1.fastq.gz,4.851784e-02,2.521408e-01,3.922436e-02,4.052250e-02,0.000000e+00,3.737304e-01,8.850928e-04,4.651163e-02,6.638196e-05,2.825659e-02,0.000000e+00,8.499841e-02,7.375774e-05,6.711954e-03,2.950309e-05,0.000000e+00,0.000000e+00,0.000000e+00,4.425464e-04,0.000000e+00,7.788817e-02
DO_PCR_R_bc002_PCR_F_bc021_R1.fastq.gz,1.617296e-02,4.383049e-04,8.520401e-01,3.400064e-02,0.000000e+00,3.348846e-04,9.967743e-03,1.822166e-04,4.924774e-05,7.091675e-04,0.000000e+00,1.241043e-02,0.000000e+00,2.287065e-02,0.000000e+00,0.000000e+00,3.939819e-05,0.000000e+00,5.909729e-05,0.000000e+00,5.072517e-02
DO_PCR_R_bc002_PCR_F_bc022_R1.fastq.gz,3.893711e-02,2.657160e-01,3.712441e-02,5.778007e-02,0.000000e+00,3.094015e-01,8.667765e-05,5.118127e-02,2.261156e-05,1.401540e-02,0.000000e+00,7.594092e-02,0.000000e+00,9.877483e-03,0.000000e+00,0.000000e+00,3.391734e-05,0.000000e+00,9.873714e-04,0.000000e+00,1.388953e-01
DO_PCR_R_bc003_PCR_F_bc001_R1.fastq.gz,4.063923e-02,2.729316e-02,6.982850e-01,8.854840e-03,0.000000e+00,6.890803e-02,2.469969e-05,6.627751e-03,9.666225e-02,3.672021e-03,0.000000e+00,4.260697e-03,0.000000e+00,4.145432e-03,2.058308e-05,0.000000e+00,0.000000e+00,0.000000e+00,0.000000e+00,0.000000e+00,4.060630e-02
DO_PCR_R_bc003_PCR_F_bc002_R1.fastq.gz,0.1659333963,0.0249198002,0.0289370428,0.1840387151,0.0000000000,0.0002521255,0.0344154525,0.0021311375,0.0002295567,0.0123025635,0.0000000000,0.0447126188,0.0004178448,0.1666865487,0.0000000000,0.0000000000,0.0000000000,0.0000000000,0.0001766813,0.0000000000,0.3348465162
DO_PCR_R_bc003_PCR_F_bc003_R1.fastq.gz,2.111863e-02,9.252211e-02,5.097541e-01,5.478965e-02,0.000000e+00,1.354788e-01,1.171166e-04,5.659241e-03,8.323643e-04,4.721890e-02,0.000000e+00,7.876091e-03,0.000000e+00,6.980985e-03,0.000000e+00,0.000000e+00,1.045684e-04,0.000000e+00,2.509641e-05,0.000000e+00,1.175223e-01
DO_PCR_R_bc003_PCR_F_bc004_R1.fastq.gz,0.1346308782,0.0501396957,0.1325436873,0.0061720543,0.0000000000,0.0001036528,0.0020306530,0.0363962742,0.2762630332,0.0308649828,0.0000000000,0.0228837157,0.0002402861,0.0269497331,0.0000000000,0.0000000000,0.0000000000,0.0000000000,0.0001554792,0.0000000000,0.2806258746
DO_PCR_R_bc003_PCR_F_bc005_R1.fastq.gz,1.728538e-01,7.494569e-03,4.687022e-02,8.524419e-03,0.000000e+00,4.022850e-05,2.313541e-02,1.009735e-02,1.367769e-04,1.301794e-02,5.229705e-05,1.340253e-01,3.330920e-03,3.738314e-01,0.000000e+00,0.000000e+00,0.000000e+00,0.000000e+00,1.866602e-03,0.000000e+00,2.047228e-01
DO_PCR_R_bc003_PCR_F_bc006_R1.fastq.gz,1.674873e-02,3.665131e-02,3.378075e-01,5.359161e-02,0.000000e+00,1.809935e-02,1.882256e-03,5.206857e-02,6.633396e-04,9.344467e-02,0.000000e+00,1.542923e-02,2.873673e-05,2.512069e-02,0.000000e+00,7.184183e-05,1.915782e-05,0.000000e+00,6.441818e-04,0.000000e+00,3.477288e-01
DO_PCR_R_bc003_PCR_F_bc007_R1.fastq.gz,5.405982e-03,0.000000e+00,9.163085e-01,6.359364e-04,0.000000e+00,3.713115e-05,7.556974e-04,9.936506e-06,2.980952e-05,2.301086e-04,0.000000e+00,6.530376e-03,1.542773e-03,2.678150e-03,0.000000e+00,0.000000e+00,2.771762e-05,0.000000e+00,1.464327e-05,0.000000e+00,6.579327e-02
DO_PCR_R_bc003_PCR_F_bc008_R1.fastq.gz,0.1202777181,0.0009806027,0.0247655859,0.0374633169,0.0000000000,0.0001860998,0.0070682127,0.1676615847,0.0001610479,0.0796972300,0.0000000000,0.0442845895,0.0000000000,0.0791890344,0.0000000000,0.0000000000,0.0001359960,0.0001860998,0.0025731873,0.0000000000,0.4353696944
DO_PCR_R_bc003_PCR_F_bc009_R1.fastq.gz,1.143137e-02,3.488840e-02,3.462577e-01,1.084582e-02,0.000000e+00,2.938290e-01,1.092447e-04,3.445142e-02,1.573124e-04,5.148048e-02,0.000000e+00,3.482722e-02,6.117705e-05,5.650137e-03,0.000000e+00,0.000000e+00,0.000000e+00,0.000000e+00,7.297548e-04,0.000000e+00,1.752810e-01
DO_PCR_R_bc003_PCR_F_bc010_R1.fastq.gz,7.807819e-03,3.159452e-02,2.651326e-01,5.616013e-02,0.000000e+00,2.609646e-01,2.284302e-04,7.902936e-02,1.310665e-04,1.309317e-01,0.000000e+00,6.482175e-03,2.621330e-05,1.145521e-02,0.000000e+00,0.000000e+00,0.000000e+00,1.348113e-04,8.612942e-05,0.000000e+00,1.498352e-01
DO_PCR_R_bc003_PCR_F_bc011_R1.fastq.gz,1.914136e-01,5.719765e-04,5.974463e-02,6.522887e-02,0.000000e+00,1.040324e-02,1.780866e-02,1.631142e-02,8.411419e-05,3.459449e-02,0.000000e+00,6.633245e-02,2.280504e-02,1.232576e-01,2.018741e-04,0.000000e+00,1.959524e-02,5.652474e-04,2.317178e-02,0.000000e+00,3.479098e-01
DO_PCR_R_bc003_PCR_F_bc012_R1.fastq.gz,2.791502e-02,4.718032e-04,7.996540e-01,1.939635e-03,0.000000e+00,3.931693e-05,2.031375e-03,7.863387e-05,1.703734e-04,1.808579e-03,0.000000e+00,1.224067e-02,2.752185e-03,6.631456e-03,0.000000e+00,0.000000e+00,0.000000e+00,1.048452e-04,2.490072e-04,0.000000e+00,1.439131e-01
DO_PCR_R_bc003_PCR_F_bc013_R1.fastq.gz,4.538409e-02,8.652507e-04,4.643392e-01,1.396684e-03,0.000000e+00,9.818151e-05,3.160191e-03,3.113816e-03,1.984520e-04,7.056535e-04,0.000000e+00,7.246924e-02,3.722542e-04,1.117598e-02,0.000000e+00,0.000000e+00,6.559361e-05,3.258791e-04,6.007873e-04,0.000000e+00,3.957287e-01
DO_PCR_R_bc003_PCR_F_bc014_R1.fastq.gz,2.184427e-01,1.033010e-04,1.634911e-02,4.350351e-02,0.000000e+00,1.629861e-04,1.064689e-02,1.200129e-02,6.694826e-02,2.072219e-02,0.000000e+00,9.192645e-02,7.345852e-05,5.078968e-02,0.000000e+00,0.000000e+00,3.443368e-05,0.000000e+00,2.662871e-04,0.000000e+00,4.680295e-01
DO_PCR_R_bc003_PCR_F_bc015_R1.fastq.gz,2.136973e-01,3.076532e-03,3.957720e-03,2.227598e-02,0.000000e+00,1.866986e-03,4.782245e-03,4.896299e-04,9.354546e-03,2.948342e-01,0.000000e+00,1.502350e-01,2.833170e-04,3.456177e-02,0.000000e+00,0.000000e+00,5.012531e-05,1.002506e-04,2.512077e-03,0.000000e+00,2.579223e-01
DO_PCR_R_bc003_PCR_F_bc016_R1.fastq.gz,0.0340288275,0.0023893974,0.8340306129,0.0017942797,0.0000000000,0.0161991026,0.0001755597,0.0010087244,0.0772194913,0.0082364283,0.0000000000,0.0039188498,0.0001041456,0.0028506136,0.0000000000,0.0000000000,0.0000000000,0.0000000000,0.0000000000,0.0000000000,0.0180439673
DO_PCR_R_bc003_PCR_F_bc017_R1.fastq.gz,0.082779010,0.011086475,0.372875092,0.042867701,0.000000000,0.023651146,0.000000000,0.002956393,0.007390983,0.028455285,0.000000000,0.110495196,0.000000000,0.015521064,0.000000000,0.000000000,0.000000000,0.127124908,0.000000000,0.000000000,0.174796748
DO_PCR_R_bc003_PCR_F_bc018_R1.fastq.gz,3.541388e-01,1.551416e-05,8.504207e-04,1.710640e-04,0.000000e+00,2.367950e-05,0.000000e+00,3.674405e-05,3.470272e-05,6.981370e-05,0.000000e+00,6.439289e-01,0.000000e+00,4.735900e-05,0.000000e+00,0.000000e+00,0.000000e+00,2.041336e-06,0.000000e+00,0.000000e+00,6.809898e-04
DO_PCR_R_bc003_PCR_F_bc019_R1.fastq.gz,0.061296660,0.011787819,0.304518664,0.227504912,0.000000000,0.051866405,0.000000000,0.019646365,0.002357564,0.060510806,0.000000000,0.087622790,0.000000000,0.009823183,0.000000000,0.000000000,0.000000000,0.002750491,0.000000000,0.000000000,0.160314342
